Hybridization.REF,labels,APCS,APOA1,ARG1,FGA,C9,MBL2,LBP
TCGA.BC.A10Q.11A.11R.A131.07,0,51087.5984,612479.3307,26083.6614,663390.748,51895.6693,10295.2756,22239.1732
TCGA.BC.A10R.11A.11R.A131.07,0,44368.2076,586369.7799,22631.9854,704973.9339,43466.9278,6362.7462,42357.395
TCGA.BC.A10T.11A.11R.A131.07,0,56170.8145,507402.7149,19135.7466,1023109.729,47368.7783,8099.5475,56819.0045
TCGA.BC.A10U.11A.11R.A131.07,0,52465.9484,525597.8857,26656.6375,711416.1415,36627.7699,4034.1533,39996.7473
TCGA.BC.A10W.11A.11R.A131.07,0,65673.5395,767685.567,27333.3333,682420.9622,50238.8316,9118.5567,31841.9244
TCGA.BC.A10X.11A.11R.A131.07,0,48605.198,576737.6238,23615.7178,646658.7067,42582.9208,12976.4851,16878.0941
TCGA.BC.A10Y.11A.11R.A131.07,0,33795.5759,265045.7666,16792.5248,812083.9359,44331.8078,5959.5728,15932.8757
TCGA.BC.A10Z.11A.11R.A131.07,0,47538.806,480279.1045,11884.3284,761617.9104,30714.9254,1244.7761,37420.1493
TCGA.BC.A110.11A.11R.A131.07,0,59962.9941,352370.0589,21847.7712,1069730.025,51680.4037,1704.7939,50203.5324
TCGA.BC.A216.11A.11R.A155.07,0,63550.0468,437460.2432,36880.2619,1456190.833,104368.5688,13489.2423,53076.7072
TCGA.BD.A2L6.11A.21R.A213.07,0,28856.7759,299987.1741,14360.9505,467442.5305,38921.6442,3453.4361,15297.3667
TCGA.BD.A3EP.11A.12R.A22L.07,0,33047.7477,551151.3514,14343.2432,808302.7027,35201.8018,2566.6667,25246.8468
TCGA.DD.A113.11A.12R.A131.07,0,60451.4811,407801.8386,22532.1757,965598.57,82959.142,13926.4556,41919.3054
TCGA.DD.A114.11A.12R.A131.07,0,40072.7386,591665.5269,20267.3298,486032.95,34986.0118,7948.3991,21924.1529
TCGA.DD.A116.11A.12R.A26B.07,0,43905.1095,388044.6067,25689.3755,744998.3779,38483.3739,11033.2522,15205.1906
TCGA.DD.A118.11A.11R.A131.07,0,43984.6336,478495.2719,27638.2979,484277.7778,45111.1111,8445.6265,15758.8652
TCGA.DD.A119.11A.11R.A131.07,0,63273.5537,213939.6694,18944.6281,1336928.099,104689.2562,21526.4463,71243.8017
TCGA.DD.A11A.11A.11R.A131.07,0,48500.981,136829.3002,11381.295,1528077.175,85536.9523,12561.1511,86067.3643
TCGA.DD.A11B.11A.11R.A131.07,0,44664.9007,668871.5232,12585.4305,523023.8411,31060.9272,6209.2715,26558.9404
TCGA.DD.A11C.11A.11R.A131.07,0,59667.2326,491709.6774,14904.9236,893794.5671,50957.5552,15633.2767,27918.5059
TCGA.DD.A11D.11A.12R.A131.07,0,46841.8253,456100.6753,21787.5998,350115.8175,34003.6832,7594.8435,20166.9736
TCGA.DD.A1EB.11A.11R.A131.07,0,46074.2697,333248.1202,22498.7622,644309.6088,22863.8389,14430.7642,16820.5975
TCGA.DD.A1EC.11A.11R.A131.07,0,48110.0164,315772.578,14130.5419,1323461.412,97302.1346,5125.6158,40394.0887
TCGA.DD.A1EE.11A.11R.A131.07,0,64220.6011,454679.895,23646.3379,1181153.195,68068.8649,9984.2428,40869.5652
TCGA.DD.A1EG.11A.11R.A213.07,0,51352.9963,889859.5506,21233.1461,626493.4457,31855.8052,4959.7378,27233.1461
TCGA.DD.A1EH.11A.11R.A131.07,0,62584.5881,522993.7998,26375.5536,645638.6182,42635.961,9330.3809,15128.4322
TCGA.DD.A1EI.11A.11R.A131.07,0,43147.5083,625759.4684,15982.0598,530148.1728,30704.9834,9181.3953,14316.2791
TCGA.DD.A1EJ.11A.11R.A155.07,0,41664.2212,487471.7833,21770.8804,858998.8713,63454.2889,5545.1467,32214.447
TCGA.DD.A1EL.11A.11R.A155.07,0,35511.9644,437385.6483,20883.1386,488968.837,28640.512,11244.296,15669.4491
TCGA.DD.A39V.11A.11R.A213.07,0,85210.1523,491643.6548,20894.4162,1343602.031,77867.0051,7041.6244,69645.6853
TCGA.DD.A39W.11A.11R.A213.07,0,52463.1422,413523.455,23790.7669,494504.8399,37633.656,6676.0983,12673.1199
TCGA.DD.A39X.11A.11R.A213.07,0,78440.5646,483761.5156,19604.7548,1129297.92,66206.5379,8013.373,26566.1218
TCGA.DD.A39Z.11A.21R.A213.07,0,87817.3469,721578.5714,21462.2449,1200990.847,69213.2653,11552.0408,41480.6122
TCGA.DD.A3A1.11A.11R.A213.07,0,84450.495,865221.5347,16367.5743,866727.7228,39549.505,4633.6634,30976.4851
TCGA.DD.A3A2.11A.11R.A213.07,0,45012.7796,483427.3163,31072.6837,683929.7125,51369.0096,5528.754,11111.0224
TCGA.DD.A3A3.11A.11R.A22L.07,0,58155.6257,411458.4648,23722.3975,994128.286,44354.3638,5699.2639,29289.1693
TCGA.DD.A3A4.11A.11R.A22L.07,0,39179.0004,244361.8567,13741.658,510048.3464,33924.9592,5466.4096,18579.8606
TCGA.DD.A3A5.11A.11R.A22L.07,0,79771.9645,572138.2034,21936.8213,1125838.105,69243.8302,7757.157,36517.2754
TCGA.DD.A3A6.11A.11R.A22L.07,0,83327.1429,1223133.057,19610,863634.2857,40357.1429,12412.8571,34564.2857
TCGA.DD.A3A8.11A.11R.A22L.07,0,49692.8799,661853.3475,13115.8342,523819.3411,15218.916,9891.6047,21209.3518
TCGA.EP.A12J.11A.11R.A131.07,0,41639.4177,709182.5308,22380.7391,482409.8544,20767.0773,13818.589,15253.0795
TCGA.EP.A26S.11A.12R.A16W.07,0,50287.9939,561006.079,27671.7325,715572.9483,41539.5137,11098.0243,15389.0578
TCGA.EP.A3RK.11A.11R.A22L.07,0,30075.1634,710441.1765,22603.4858,707083.878,43351.8519,1239.6514,13969.4989
TCGA.ES.A2HT.11A.11R.A180.07,0,32489.5516,468113.9318,9023.6587,573789.231,23338.1393,4403.2389,28080.2292
TCGA.FV.A23B.11A.11R.A16W.07,0,34634.3669,270313.9535,11856.5891,564511.6279,35653.1008,10152.4548,16744.186
TCGA.FV.A2QR.11A.11R.A213.07,0,29755.8299,271266.118,11080.9328,560558.9849,27651.5775,5785.3224,17495.1989
TCGA.FV.A3I0.11A.11R.A22L.07,0,49981.0811,458315.3153,27490.0901,952715.3153,44581.0811,6763.964,37155.8559
TCGA.FV.A3I1.11A.11R.A22L.07,0,38515.7407,553856.4815,22581.4815,803733.3333,51373.1481,2080.5556,20252.7778
TCGA.FV.A3R2.11A.11R.A22L.07,0,42169.67,617890.2612,31045.1508,469201.8627,28238.1049,698.9269,11451.7109
TCGA.G3.A3CH.11A.11R.A22L.07,0,39825.3546,575208.3333,17807.6241,551887.4113,26308.5106,15787.234,10121.4539
TCGA.2V.A95S.01A.11R.A37K.07,1,1177.3905,285011.7674,395.5042,202874.0837,98.3874,354.4551,974.7516
TCGA.2Y.A9GS.01A.12R.A38B.07,1,10276.4909,84196.6486,26051.7496,86573.6816,3544.6033,1009.3642,10784.1301
TCGA.2Y.A9GT.01A.11R.A38B.07,1,45668.6842,197555.705,17322.5734,502987.6709,43427.0343,10488.2313,25509.0787
TCGA.2Y.A9GU.01A.11R.A38B.07,1,45330.4861,309749.4244,8787.6614,379639.4848,4.1707,223.5494,3480.0307
TCGA.2Y.A9GV.01A.11R.A38B.07,1,28766.4975,266806.2606,17051.6074,466648.9002,35840.1015,6896.7851,32119.2893
TCGA.2Y.A9GW.01A.11R.A38B.07,1,16665.1341,68424.5211,15110.3448,700611.4943,25045.977,5167.0498,62030.6513
TCGA.2Y.A9GX.01A.11R.A38B.07,1,16507.2727,130309.697,19504.2424,336507.8788,17566.6667,4781.8182,26831.5152
TCGA.2Y.A9GY.01A.11R.A38B.07,1,7201.3926,39207.2844,9569.8982,57938.4039,457.9539,938.4039,1230.316
TCGA.2Y.A9GZ.01A.11R.A39D.07,1,15503.7543,212168.6007,16896.9283,255823.8908,8240.273,284.6416,11735.8362
TCGA.2Y.A9H0.01A.11R.A38B.07,1,33181.7329,413798.5612,10561.7767,79976.8533,8262.1207,402.2521,8833.2812
TCGA.2Y.A9H1.01A.11R.A38B.07,1,47609.1356,1169084.707,9854.8714,884216.2475,18164.7875,3975.7155,28357.3287
TCGA.2Y.A9H2.01A.12R.A38B.07,1,15321.05,17890.9642,1418.9803,43164.5634,3535.5881,840.9894,2789.5003
TCGA.2Y.A9H3.01A.11R.A38B.07,1,11485.1117,651177.4194,3426.799,542527.2953,21.0918,29.7767,22383.3747
TCGA.2Y.A9H4.01A.11R.A38B.07,1,10972.8822,352213.103,22893.2085,360234.2213,4530.8375,129.5896,10802.0158
TCGA.2Y.A9H5.01A.11R.A38B.07,1,9737.2035,620038.7016,4416.9788,344463.7953,483.1461,1244.6941,9640.4494
TCGA.2Y.A9H6.01A.11R.A39D.07,1,12120.3396,254426.0244,6431.1554,686406.0539,58.3241,638.612,17585.0867
TCGA.2Y.A9H7.01A.11R.A39D.07,1,109.2053,839959.3196,4666.0949,312268.8794,731.275,1673.5277,24344.1967
TCGA.2Y.A9H8.01A.11R.A39D.07,1,26282.2763,337774.8515,89.3566,163200.8492,8.0623,63.1543,17151.7736
TCGA.2Y.A9H9.01A.21R.A39D.07,1,5591.3427,200670.3688,41554.3215,660029.617,10450.2349,686.8859,17365.2285
TCGA.2Y.A9HA.01A.11R.A39D.07,1,12625.6567,154255.6918,5730.7356,172952.2767,36.7776,243.8704,7478.9842
TCGA.2Y.A9HB.01A.11R.A39D.07,1,23420.212,195570.6822,22068.3684,433115.9875,11138.976,6130.4672,12410.2105
TCGA.3K.AAZ8.01A.12R.A39D.07,1,16962.3679,201925.8633,11798.1677,408930.2326,445.3841,2747.2868,6843.6927
TCGA.4R.AA8I.01A.11R.A38B.07,1,4918.956,124892.1703,13195.0549,154102.3352,4655.9066,2689.5604,10199.1758
TCGA.5C.A9VG.01A.11R.A37K.07,1,4337.5551,50196.0352,4090.859,310067.1806,56.7181,161.8943,1871.696
TCGA.5C.A9VH.01A.11R.A37K.07,1,6998.6197,320483.0918,4153.8992,296387.8537,587.3016,2576.9496,13799.1718
TCGA.5C.AAPD.01A.21R.A39D.07,1,10029.8165,79144.4954,3733.1804,151041.2844,114.6789,380.7339,12818.8073
TCGA.5R.AA1C.01A.11R.A41C.07,1,65635.6122,1293.9023,1776.2378,113707.9971,14780.877,10618.2873,10423.7415
TCGA.5R.AA1D.01A.11R.A38B.07,1,23127.1596,55536.973,50114.7201,945383.5522,15163.0961,1737.3877,30305.4596
TCGA.5R.AAAM.01A.12R.A41C.07,1,18740.4871,348783.105,16628.6149,416921.6134,33403.3486,2103.5008,34694.0639
TCGA.BC.4072.01B.11R.A155.07,1,22222.104,74570.1614,56.7678,191129.6718,1619.6558,704.9849,13700.5499
TCGA.BC.4073.01B.02R.A131.07,1,888.3806,26457.914,4147.301,627631.29,1247.484,3866.8801,18668.344
TCGA.BC.A10Q.01A.11R.A131.07,1,6360.6471,100.0044,17.5123,5455.9992,6.4519,6.9127,104.152
TCGA.BC.A10R.01A.11R.A131.07,1,19371.6705,13982.2429,8512.4983,340773.1184,34.4215,4468.242,27151.482
TCGA.BC.A10S.01A.22R.A131.07,1,19130.905,264645.3443,13908.9357,678939.1007,25175.2988,4342.0603,32342.0603
TCGA.BC.A10T.01A.11R.A131.07,1,2867.7647,135484.7059,23925.6471,105216,723.2941,526.5882,3050.8235
TCGA.BC.A10U.01A.11R.A131.07,1,21821.5613,33477.2305,6658.9219,282535.7807,4911.2454,2489.777,18686.3383
TCGA.BC.A10W.01A.11R.A131.07,1,25.1792,46558.8776,893.12,276362.4986,981.6174,501.3617,34439.1803
TCGA.BC.A10X.01A.11R.A131.07,1,33209.1369,386004.6505,12291.6154,551930.5157,26691.2871,8820.134,20616.6051
TCGA.BC.A10Y.01A.11R.A131.07,1,4440.3538,161122.1611,26155.869,575683.0026,1271.3364,100.4064,13237.8676
TCGA.BC.A10Z.01A.11R.A131.07,1,24376.1458,147497.8971,13703.8715,164119.918,484.8485,1095.2227,2513.9653
TCGA.BC.A110.01A.11R.A131.07,1,44116,460944,10486.6667,824200,35629.3333,641.3333,40673.3333
TCGA.BC.A112.01A.11R.A131.07,1,10183.0835,653.1049,8598.5011,67821.1991,59.4218,1323.3405,1217.3448
TCGA.BC.A216.01A.11R.A155.07,1,2408.5583,149802.3434,3036.6786,302471.2175,2799.7962,4081.5079,8231.7881
TCGA.BC.A217.01A.11R.A155.07,1,17822.4941,17724.6286,10565.9718,181051.0548,1528.8978,104.3565,2388.7155
TCGA.BC.A3KF.01A.11R.A213.07,1,9337.904,88272.6738,11339.4711,122119.8825,451.3222,496.3761,7791.5769
TCGA.BC.A3KG.01A.11R.A213.07,1,953.8894,1142.2245,6310.0121,53430.8105,135.1442,263.5903,1715.1098
TCGA.BC.A5W4.01A.11R.A28V.07,1,1202.1049,103337.9138,4524.8888,149069.3013,673.1788,19.0679,1309.0508
TCGA.BC.A69H.01A.11R.A311.07,1,16165.6934,206158.3942,1308.7591,93397.8102,3106.5693,692.7007,17794.8905
TCGA.BC.A69I.01A.11R.A311.07,1,90434.8815,254995.2607,417.8199,751951.4692,6393.9336,2127.7725,28330.6161
TCGA.BC.A8YO.01A.11R.A37K.07,1,1968.0197,43289.7238,8055.0151,82918.931,483.9539,106.8993,7539.7518
TCGA.BD.A2L6.01A.11R.A213.07,1,2796.9388,1259935.714,13297.449,168511.7347,665.8163,1912.2449,6308.6735
TCGA.BD.A3EP.01A.11R.A22L.07,1,22355.2516,109361.3887,5517.0963,358624.5836,15098.0186,2212.169,47367.3505
TCGA.BD.A3ER.01A.11R.A213.07,1,35488.7942,112866.0863,15146.5086,614153.7322,21478.7924,6647.1569,65233.5618
TCGA.BW.A5NO.01A.11R.A27V.07,1,26501.8556,101989.1522,13556.3802,188640.5938,9673.9937,304.8815,25777.9047
TCGA.BW.A5NP.01A.11R.A27V.07,1,25391.4104,91588.0918,3310.3953,59646.1689,31.7228,1524.6462,5250.366
TCGA.BW.A5NQ.01A.11R.A27V.07,1,16032.3985,137951.1605,16390.7157,56991.7795,2.4178,431.3346,4857.3501
TCGA.CC.5258.01A.01R.A131.07,1,1390.2903,132412.6606,7992.8605,169439.3146,254.6406,1353.6411,26782.0086
TCGA.CC.5259.01A.31R.A213.07,1,32431.562,1513019.324,5289.8551,608665.0564,13880.8374,6098.2287,26043.4783
TCGA.CC.5260.01A.01R.A131.07,1,2368.8342,139.8311,3.555,338.9128,1.185,4.1475,102.5033
TCGA.CC.5261.01A.01R.A131.07,1,4253.5984,41655.2433,2145.305,62858.122,325.5655,941.7409,2177.5188
TCGA.CC.5262.01A.01R.A131.07,1,32713.93,57610.172,11423.4329,208066.0781,9093.5959,3074.3787,27500.8804
TCGA.CC.5263.01A.01R.A131.07,1,3259.8848,119.3858,804.9904,83416.5067,40.3071,1372.3608,3743.5701
TCGA.CC.5264.01A.01R.A131.07,1,5809.9967,44025.1572,2515.3923,177325.72,8757.3651,4168.8183,9449.52
TCGA.CC.A123.01A.11R.A131.07,1,52134.7012,591123.1044,4424.6209,294839.4291,6716.3247,2336.3069,44448.7065
TCGA.CC.A1HT.01A.11R.A131.07,1,7968.0087,476.6165,34.4313,92113.5963,36.8714,7.32,25379.4225
TCGA.CC.A3M9.01A.11R.A213.07,1,7.7729,17.7048,1.2955,97.5926,3.0228,0.4318,22.0231
TCGA.CC.A3MA.01A.11R.A213.07,1,3184.9543,14731.0889,490.4406,45351.6209,1100.5819,315.4613,752.286
TCGA.CC.A3MB.01A.11R.A213.07,1,13695.0914,131417.1319,3441.001,83665.0626,1842.5409,2130.8951,15214.2445
TCGA.CC.A3MC.01A.11R.A22L.07,1,89346.2153,64166.3625,13725.9522,288635.5831,20391.7872,617.2982,40082.4912
TCGA.CC.A5UC.01A.11R.A28V.07,1,5563.3151,265251.9983,7431.2158,123114.0093,2779.9748,2197.7282,3562.4737
TCGA.CC.A5UD.01A.11R.A28V.07,1,28.2341,1512.8337,45.1745,13413.7577,12.3203,25.154,170.4312
TCGA.CC.A5UE.01A.11R.A28V.07,1,1406.5993,46075.0399,3201.1708,219034.5929,951.57,4922.8313,7541.2453
TCGA.CC.A7IE.01A.21R.A38B.07,1,6546.252,300507.177,14227.2727,135834.1308,883.5726,2254.386,5257.5758
TCGA.CC.A7IF.01A.11R.A33J.07,1,193.2843,491778.458,3722.3761,310953.2664,232.2351,27.1921,2662.6197
TCGA.CC.A7IG.01A.11R.A33J.07,1,9596.8075,22007.4309,1519.7468,31905.3254,204.2108,172.8361,3126.4621
TCGA.CC.A7IH.01A.11R.A33J.07,1,48039.6786,30489.7037,1111.5018,266813.6615,1625.8162,12245.6052,1117.5289
TCGA.CC.A7II.01A.11R.A33J.07,1,53.9749,7055.0612,2.159,864.6781,20.5105,3.2385,93.3766
TCGA.CC.A7IJ.01A.11R.A33R.07,1,9.2742,22.1774,3.2258,62.9032,4043.06452,4.4355,7928.553322
TCGA.CC.A7IK.01A.12R.A33R.07,1,6218.6255,8178.7849,1875.996,51585.1594,3.4861,2912.3506,162.3506
TCGA.CC.A7IL.01A.11R.A33R.07,1,29657.4476,184882.0538,4238.1248,249082.4755,3.9687,2058.291,6193.2283
TCGA.CC.A8HS.01A.11R.A36F.07,1,569.5624,339241.2802,1225.8654,30792.4233,8.8831,1435.9242,3503.5924
TCGA.CC.A8HT.01A.11R.A36F.07,1,10933.9853,81007.9462,7651.5892,61991.4425,1759.78,589.2421,15796.4548
TCGA.CC.A8HU.01A.11R.A36F.07,1,9983.2974,72428.8793,5727.9095,88967.6724,0.5388,20.4741,20340.5172
TCGA.CC.A8HV.01A.11R.A36F.07,1,18519.9253,53689.2902,4963.8854,46732.254,267.746,373.599,6733.4994
TCGA.CC.A9FS.01A.11R.A37K.07,1,67506.7961,233801.9417,5540.4531,125693.8511,1219.4175,8786.4078,17812.945
TCGA.CC.A9FU.01A.11R.A37K.07,1,3037.9988,219550.2085,7962.835,120252.5313,1632.4002,562.2394,9019.1781
TCGA.CC.A9FV.01A.11R.A37K.07,1,0.6477,16.8394,1.2953,3.886,1.2953,1115.177756,5.1813
TCGA.CC.A9FW.01A.11R.A37K.07,1,4774.5173,155921.5921,10472.6847,304852.9113,1260.3684,692.0399,43678.0433
TCGA.DD.A113.01A.11R.A131.07,1,5749.0476,75743.3333,8703.3333,648640.9524,16.1905,372.381,27715.2381
TCGA.DD.A114.01A.11R.A131.07,1,959.6474,11132.1994,822.8651,27484.5622,963.266,188.8899,1738.3658
TCGA.DD.A115.01A.11R.A131.07,1,13757.0533,92587.7743,8973.3542,233496.0815,3284.4828,3990.5956,9227.2727
TCGA.DD.A116.01A.11R.A131.07,1,34309.1079,209742.535,1394.3983,124203.1428,451.1097,327.2501,4498.7109
TCGA.DD.A118.01A.11R.A131.07,1,23161.0852,299101.738,4534.1246,480058.9233,2.9674,167.4438,16112.7596
TCGA.DD.A119.01A.11R.A131.07,1,50935.9537,486328.8296,16812.7742,315451.1318,17411.4757,2155.4659,21306.8959
TCGA.DD.A11A.01A.11R.A131.07,1,11929.1467,138527.3271,27173.8308,264597.11,37651.973,261.5881,18773.2512
TCGA.DD.A11B.01A.11R.A131.07,1,42033.3714,173375.5409,12230.5334,177334.1002,5059.8923,4176.9319,23003.7644
TCGA.DD.A11C.01A.11R.A131.07,1,62551.9119,225892.743,18714.81,573222.6826,42637.6228,1212.2647,35529.7739
TCGA.DD.A11D.01A.11R.A131.07,1,9415.2637,294282.8283,16615.0393,205542.0875,226.7116,3805.8361,17677.89
TCGA.DD.A1EA.01A.11R.A131.07,1,35014.2207,34269.6246,6716.7235,156481.7975,19277.0193,1945.9613,7259.3857
TCGA.DD.A1EB.01A.11R.A131.07,1,506.3055,192433.4423,19405.2623,128775.3386,1.2455,8155.6905,10228.865
TCGA.DD.A1EC.01A.21R.A131.07,1,7407.2144,1368.3367,13.6273,925459.3186,0.4008,75.3507,46852.1042
TCGA.DD.A1ED.01A.11R.A155.07,1,98038.5528,91311.981,6972.1234,1501632.859,73330.3677,4948.9917,50756.8209
TCGA.DD.A1EE.01A.11R.A131.07,1,43970.247,15746.1073,1829.2175,202294.9519,8169.394,7297.828,23208.5689
TCGA.DD.A1EF.01A.11R.A131.07,1,1212.9784,97608.1531,6921.797,239324.4592,268.7188,1932.6123,5309.4842
TCGA.DD.A1EG.01A.11R.A213.07,1,17429.9541,136046.6559,9220.0025,253897.5059,15884.8492,1719.8164,57944.1618
TCGA.DD.A1EH.01A.11R.A131.07,1,372.9293,268282.4242,440.8081,89773.7374,88.0808,155.1515,4306.6667
TCGA.DD.A1EI.01A.11R.A131.07,1,13395.2826,230150.8743,1963.3998,159506.3034,15602.684,6442.4563,16563.2371
TCGA.DD.A1EJ.01A.11R.A155.07,1,1278.1527,270266.5257,4102.7726,77047.2396,363.6068,8308.3177,2685.7468
TCGA.DD.A1EK.01A.11R.A213.07,1,59528.8703,58567.364,7649.3724,322615.8996,15420.0837,1198.3264,36995.8159
TCGA.DD.A1EL.01A.11R.A155.07,1,36469.6246,13638.2253,4307.5085,63919.4539,2025.256,1903.0717,11801.3652
TCGA.DD.A39V.01A.11R.A213.07,1,52496.3504,160580.1742,743.1128,357619.0252,15385.9195,900.4003,19204.1441
TCGA.DD.A39W.01A.11R.A213.07,1,9600.7157,80339.347,7018.339,5542.2693,5.3675,17.8918,196.8093
TCGA.DD.A39X.01A.11R.A213.07,1,74899.6437,68635.3919,16032.0665,339585.5107,1750.5938,846.7933,35549.8812
TCGA.DD.A39Y.01A.11R.A213.07,1,7069.9955,102848.4173,9050.379,247891.663,1785.5551,839.9465,22300.9362
TCGA.DD.A39Z.01A.11R.A213.07,1,162.0659,577747.106,196.7943,458461.2645,64.114,1393.5886,17284.951
TCGA.DD.A3A1.01A.11R.A213.07,1,22415.0255,472835.1641,8398.2495,342549.2268,16029.1758,308.5339,41443.4719
TCGA.DD.A3A2.01A.11R.A213.07,1,1122.7934,793406.0136,13236.8574,229994.1804,20.1746,3912.3181,16859.7478
TCGA.DD.A3A3.01A.11R.A22L.07,1,42666.6667,308476.7932,7583.3333,1085002.11,24704.6414,1938.8186,66501.0549
TCGA.DD.A3A4.01A.11R.A22L.07,1,98713.3583,7345.2685,50647.2556,416375.3689,31.4775,3971.6703,22733.8186
TCGA.DD.A3A5.01A.11R.A22L.07,1,8747.6421,361629.7283,47095.5908,170759.0938,10113.066,445.716,18368.8579
TCGA.DD.A3A6.01A.11R.A22L.07,1,41.3732,332.7465,23.7676,595.0704,29.9296,2.6408,43983.2746
TCGA.DD.A3A7.01A.11R.A22L.07,1,40831.7047,256906.6232,16014.1151,290323.5613,947.8827,271.4441,39740.4995
TCGA.DD.A3A8.01A.11R.A22L.07,1,68644.7462,113687.634,2471.0508,309987.1337,60.0429,6556.8263,6388.8492
TCGA.DD.A3A9.01A.11R.A266.07,1,2602.8906,169867.1714,1646.9374,126960.7708,3.4412,146.5933,14009.6352
TCGA.DD.A4NA.01A.11R.A266.07,1,11025.0165,41.1142,15.4178,200596.3693,7.2806,1.2848,66837.0477
TCGA.DD.A4NB.01A.12R.A266.07,1,23202.6684,42959.3393,37330.3685,716904.7014,13774.46,3408.5133,48849.4282
TCGA.DD.A4ND.01A.11R.A266.07,1,30605.3119,106589.9197,7707.8443,387363.8048,1658.4311,3846.819,16630.6362
TCGA.DD.A4NE.01A.11R.A27V.07,1,16439.6051,33189.8955,6208.4785,246287.4564,93.4959,213.705,13796.1672
TCGA.DD.A4NF.01A.11R.A27V.07,1,65275.0583,9597.3193,200.4662,246946.9697,227.8555,1132.8671,2724.359
TCGA.DD.A4NG.01A.11R.A27V.07,1,50713.1783,28578.8114,3704.7804,198222.8682,6941.8605,467.0543,35509.0439
TCGA.DD.A4NH.01A.11R.A27V.07,1,40716.8532,4579.5214,1876.3055,40126.4338,46.3285,212.788,66292.3573
TCGA.DD.A4NI.01A.11R.A27V.07,1,36516.7464,101534.0909,24324.1627,464852.2727,4374.4019,12931.2201,11586.7225
TCGA.DD.A4NJ.01A.11R.A27V.07,1,2883.9765,77419.8923,10121.2897,306821.7746,6148.7807,421.2906,21414.4179
TCGA.DD.A4NK.01A.11R.A28V.07,1,4977.9688,205599.1402,12237.1485,347897.5461,1232.3124,2291.9577,17262.4037
TCGA.DD.A4NL.01A.11R.A28V.07,1,44833.6735,231527.5,20795.9184,1439705.102,89002.0408,9791.8367,80112.2449
TCGA.DD.A4NN.01A.11R.A28V.07,1,567.5808,290597.4535,1020.0784,114975.0245,53.379,950.049,3783.5455
TCGA.DD.A4NO.01A.11R.A28V.07,1,67311.4355,170216.545,45076.0341,443986.618,25380.7786,4189.1727,32212.8954
TCGA.DD.A4NP.01A.11R.A28V.07,1,116975.3512,144521.0708,3533.5277,1375794.328,47095.6798,6780.2809,41075.5367
TCGA.DD.A4NQ.01A.21R.A28V.07,1,65245.4696,28701.3964,11620.9387,352596.9028,6671.9722,1966.5401,104631.9456
TCGA.DD.A4NR.01A.11R.A311.07,1,24332.431,106465.1218,4734.1635,582387.1142,14261.5051,1701.137,96370.8717
TCGA.DD.A4NS.01A.11R.A311.07,1,8525.555,107169.8503,2883.841,176110.4801,4903.459,897.7801,3593.7016
TCGA.DD.A4NV.01A.11R.A311.07,1,17617.2064,332202.03,12505.0749,199630.2562,8558.724,4788.3035,17625.4229
TCGA.DD.A73A.01A.12R.A32O.07,1,13649.7408,401233.0017,17590.8813,599462.0644,7170.4715,4948.3208,15103.412
TCGA.DD.A73B.01A.12R.A32O.07,1,19614.6446,61359.7007,46868.5195,225532.8701,10477.8193,1951.8974,15120.791
TCGA.DD.A73C.01A.12R.A33J.07,1,8284.6847,273833.033,14135.1351,339266.0661,7.8078,3849.2492,41906.3063
TCGA.DD.A73D.01A.12R.A32O.07,1,13734.3924,81596.5118,7541.0486,264222.7067,11330.90423,703.7336,1476.9869
TCGA.DD.A73E.01A.12R.A32O.07,1,312.5348,314.2061,109.1922,200658.4958,0.5571,72.4234,536.4903
TCGA.DD.A73F.01A.11R.A32O.07,1,13097.2214,116283.4911,6541.0975,352072.0226,9716.914,1288.3584,13543.4429
TCGA.DD.A73G.01A.22R.A32O.07,1,10573.2113,611780.3661,1544.0932,522672.213,4.9917,943.4276,21757.9035
TCGA.DD.AA3A.01A.11R.A37K.07,1,3036.3165,3975.3567,162.1271,5552.5292,144.6174,55.1232,639.4293
TCGA.DD.AAC8.01A.11R.A41C.07,1,43244.815,3021.7208,139.1132,383241.4227,99.2037,42.1901,14474.0424
TCGA.DD.AAC9.01A.11R.A41C.07,1,94190.9185,177165.1187,16898.8648,1037753.354,41017.5439,8776.0578,58310.6295
TCGA.DD.AACA.01A.11R.A41C.07,1,3879.3423,101195.2521,2022.4328,74832.1899,28.7488,140.2592,356.7462
TCGA.DD.AACA.02B.11R.A41C.07,1,313.3095,386093.006,4178.1177,124205.7481,21.2162,50.8203,10.3614
TCGA.DD.AACB.01A.11R.A41C.07,1,50738.8724,66731.9486,3588.5262,76855.5885,923.8378,65.2819,3295.7468
TCGA.DD.AACC.01A.11R.A41C.07,1,33589.169,760979.4585,9459.3838,247148.4594,6972.9225,1641.4566,43624.6499
TCGA.DD.AACD.01A.11R.A41C.07,1,47915.4245,683648.4868,2283.4152,738996.9357,30128.2217,2643.2449,58948.8202
TCGA.DD.AACE.01A.11R.A41C.07,1,5237.5102,232461.0975,11136.7731,107398.0344,18.018,606.8796,3136.7731
TCGA.DD.AACF.01A.11R.A41C.07,1,65772.698,370231.8094,25586.6066,333428.2035,25074.0502,1961.3651,12068.8989
TCGA.DD.AACG.01A.11R.A41C.07,1,32912.1951,456094.6634,7904.3902,121343.4146,23732.6829,5020.4878,29560
TCGA.DD.AACH.01A.11R.A41C.07,1,1937.2674,37876.0571,143.2293,162835.1312,121.5612,347.79,9593.4217
TCGA.DD.AACI.01A.11R.A41C.07,1,45933.0656,253052.2088,1965.1941,452975.9036,5564.9264,693.4404,78139.2236
TCGA.DD.AACJ.01A.11R.A41C.07,1,10628.8939,246744.5633,23595.1569,308118.0205,28.2121,718.9373,7635.5942
TCGA.DD.AACK.01A.11R.A41C.07,1,23476.5587,213062.6646,9746.1822,301718.7994,5525.2765,9301.2112,26078.1991
TCGA.DD.AACL.01A.11R.A41C.07,1,23931.4917,28265.1934,5944.7514,32942.5414,1394.4751,312.7072,50353.5912
TCGA.DD.AACN.01A.11R.A41C.07,1,16407.7151,241100.2967,3222.5519,157164.9852,3400,1409.4955,10704.451
TCGA.DD.AACO.01A.11R.A41C.07,1,22250.8653,318497.2422,13414.1155,506506.8471,2199.7003,1198.6469,9135.103
TCGA.DD.AACP.01A.11R.A41C.07,1,2174.2112,132517.085,1755.144,88069.273,1722.2222,907.4074,8821.6735
TCGA.DD.AACQ.01A.11R.A41C.07,1,9766.4478,99188.876,7676.5804,48659.1992,595.3393,1231.8785,3590.5755
TCGA.DD.AACS.01A.11R.A41C.07,1,22247.8895,25288.5649,7548.7337,165417.4981,99.0023,10193.3998,4768.9946
TCGA.DD.AACT.01A.11R.A41C.07,1,85929.98,137774.2482,15494.0853,712498.2857,22911.3444,5916.9673,101403.6531
TCGA.DD.AACU.01A.11R.A41C.07,1,11074.3516,185636.8876,5081.8444,137266.8588,91.0663,914.121,14493.3718
TCGA.DD.AACV.01A.11R.A41C.07,1,2465.8769,124665.5475,24172.2924,185898.5657,594.9367,139.5629,2782.4853
TCGA.DD.AACW.01A.11R.A41C.07,1,29349.3171,368907.9838,4865.6974,94875.0594,794.7369,1834.2528,3336.6235
TCGA.DD.AACX.01A.11R.A41C.07,1,25153.7618,24516.4944,7196.4157,76755.5714,16.8466,379.9206,9190.7082
TCGA.DD.AACY.01A.11R.A41C.07,1,37000.1817,216229.6929,8920.9522,952995.0936,26654.5521,1833.1819,34598.5826
TCGA.DD.AACZ.01A.11R.A41C.07,1,1854.4372,73795.9957,5698.0519,201363.6364,6918.29,4416.6667,54551.9481
TCGA.DD.AAD0.01A.11R.A41C.07,1,24816.6561,52192.1263,2923.6108,137236.3296,10731.94997,96.581,9421.8814
TCGA.DD.AAD1.01A.11R.A41C.07,1,328.8973,265787.0722,493.0292,211107.7313,252.218,10342.2053,11034.2205
TCGA.DD.AAD2.01A.11R.A41C.07,1,15645.3704,184902.7778,14982.4074,998797.2222,73063.8889,6018.5185,50354.6296
TCGA.DD.AAD3.01A.11R.A41C.07,1,14668.9818,403599.0529,9497.7111,360465.3512,187.5296,617.5217,8976.1642
TCGA.DD.AAD5.01A.11R.A41C.07,1,46959.2461,230.7692,12.2262,286551.7066,102.9037,21.3958,73392.2567
TCGA.DD.AAD6.01A.11R.A41C.07,1,34832.8614,153544.1166,3728.384,410704.2465,18982.1061,6994.9894,48306.4133
TCGA.DD.AAD8.01A.11R.A41C.07,1,22070.2996,121639.0658,21050.2477,304142.4864,11148.8559,525.5957,9844.7747
TCGA.DD.AADA.01A.11R.A41C.07,1,25218.9942,519153.6766,10351.4326,546776.1972,12546.50371,451.2122,9645.3617
TCGA.DD.AADB.01A.11R.A41C.07,1,14762.2848,205317.6197,4542.1608,78496.1496,3354.4691,1906.2819,12639.5348
TCGA.DD.AADC.01A.11R.A41C.07,1,2268.1518,123850.6601,5364.6865,60858.9109,1042.0792,910.066,560.231
TCGA.DD.AADD.01A.11R.A41C.07,1,7303.1884,150961.1594,9803.4783,56648.1159,93.3333,362.8986,2779.7101
TCGA.DD.AADF.01A.11R.A41C.07,1,65214.0575,569435.5698,25058.9989,342780.8307,224.0682,710.5431,23907.9872
TCGA.DD.AADG.01A.11R.A41C.07,1,25388.4247,188411.9702,3536.3816,222240.316,651.3748,4445.3896,3490.202
TCGA.DD.AADI.01A.11R.A41C.07,1,11227.8665,231071.8433,2343.9768,85910.7402,58.0552,1490.566,7260.5225
TCGA.DD.AADJ.01A.11R.A41C.07,1,27903.7886,708853.381,10478.2234,220874.9484,90.6738,3757.5663,7863.795
TCGA.DD.AADK.01A.11R.A41C.07,1,18108.716,449146.2043,6024.836,283412.8397,15480.7873,1505.1546,56723.0553
TCGA.DD.AADL.01A.11R.A41C.07,1,8691.0873,104962.6692,8590.294,71442.3705,2610.3593,3139.524,6276.7149
TCGA.DD.AADM.01A.11R.A41C.07,1,36370.2809,611146.5875,37851.3122,500525.4776,6735.8071,4273.0637,24328.9197
TCGA.DD.AADN.01A.11R.A41C.07,1,1046.2963,791503.0864,3532.4074,100302.4691,3486.1111,416.6667,16620.3704
TCGA.DD.AADO.01A.11R.A41C.07,1,102402.8269,601085.689,7483.2155,335353.3569,9525.6184,1380.742,50390.4594
TCGA.DD.AADP.01A.11R.A39D.07,1,21018.9189,116741.8919,3029.0541,450066.8919,2832.4324,1463.5135,16818.9189
TCGA.DD.AADQ.01A.11R.A41C.07,1,40247.3273,134229.2841,5885.7322,1835822.427,160367.1877,2070.5351,130341.2259
TCGA.DD.AADR.01A.11R.A41C.07,1,18475.7033,387381.9267,15803.9216,163271.9523,20033.2481,4797.1014,30100.5968
TCGA.DD.AADS.01A.11R.A41C.07,1,15118.799,1877904.7,14390.3394,449857.7023,11746.7363,558.7467,21467.3629
TCGA.DD.AADU.01A.11R.A41C.07,1,30270.6767,115581.6011,5938.9651,416654.5776,0.8846,40.69,6529.854
TCGA.DD.AADV.01A.11R.A39D.07,1,6224.3499,315845.5097,22807.9643,166757.4801,1792.188,955.2823,6357.9589
TCGA.DD.AADW.01A.11R.A39D.07,1,26541.2916,168914.0548,1004.3053,67893.1507,873.1898,2058.317,5324.0705
TCGA.DD.AADY.01A.11R.A41C.07,1,24.9381,4462.9992,4837.071,259842.2433,0.9236,3241.9551,2413.4555
TCGA.DD.AAE0.01A.11R.A41C.07,1,1165.1495,234044.2133,91.0273,13109.2328,366.71,59.8179,3274.3823
TCGA.DD.AAE1.01A.11R.A41C.07,1,3701.2609,335172.6479,15349.1756,92474.2968,145.4898,626.5761,9248.3026
TCGA.DD.AAE2.01A.11R.A41C.07,1,19183.5959,130643.6719,11964.6931,363130.3639,9960.8908,3364.4758,5745.7903
TCGA.DD.AAE3.01A.11R.A41C.07,1,14488.189,173713.1609,7973.0034,489134.9831,941.5073,836.8954,6053.9933
TCGA.DD.AAE4.01A.11R.A41C.07,1,35178.4552,378757.0287,20153.8917,340118.3782,16078.1296,2294.1699,9631.2518
TCGA.DD.AAE6.01A.11R.A41C.07,1,14748.1058,75805.7832,6417.195,14475.3363,0.6185,145.3533,12048.2449
TCGA.DD.AAE7.01A.11R.A41C.07,1,18633.6011,657035.2777,21510.3039,797242.0538,8680.4052,2780.3004,17761.7883
TCGA.DD.AAE9.01A.11R.A41C.07,1,38869.4421,136497.3095,2741.433,169507.7882,303.5967,5247.2387,16710.2804
TCGA.DD.AAEA.01A.11R.A41C.07,1,21417.8642,378737.2067,15253.7992,149795.8234,152.4863,59.4438,5936.6277
TCGA.DD.AAEB.01A.11R.A41C.07,1,39911.617,310880.4821,5845.3298,317467.6933,18.7479,5229.3271,3682.6247
TCGA.DD.AAED.01A.12R.A41C.07,1,2072.8477,240179.754,3496.6887,77332.0719,18.9215,2413.4342,2307.474
TCGA.DD.AAEE.01A.11R.A41C.07,1,2919.2096,156438.2309,7465.5196,218512.1656,69.9019,458.6638,4702.7826
TCGA.DD.AAEG.01A.11R.A39D.07,1,50574.8842,46728.2553,13586.7216,465665.9804,12708.6979,1659.8044,30985.5893
TCGA.DD.AAEH.01A.11R.A41C.07,1,40862.9032,324095.9677,16149.1935,235301.6129,1050,5137.0968,9654.8387
TCGA.DD.AAEI.01A.11R.A41C.07,1,2319.0369,352140.7073,38215.1994,316885.6283,13622.2724,1420.617,28872.0843
TCGA.DD.AAEK.01A.11R.A41C.07,1,39966.9911,156593.3075,3195.9602,362836.5787,8993.2835,311.5078,18202.9828
TCGA.DD.AAVP.01A.11R.A41C.07,1,51430.131,6813.3188,239.083,197442.1397,34.9345,5367.9039,5223.7991
TCGA.DD.AAVQ.01A.11R.A41C.07,1,22167.0507,482039.7465,5178.5714,140594.47,270.1613,1049.5392,8989.0553
TCGA.DD.AAVR.01A.11R.A41C.07,1,21280.8989,119755.8052,15528.839,418330.3371,4343.0712,1858.427,22743.8202
TCGA.DD.AAVS.01A.11R.A41C.07,1,9256.9703,146514.4052,8035.316,74239.777,60.8736,1734.6654,3461.8959
TCGA.DD.AAVU.01A.11R.A41C.07,1,29084.2707,332679.3288,11157.6618,177128.5266,6358.842,1125.5762,14916.4669
TCGA.DD.AAVV.01A.11R.A41C.07,1,58629.7043,62437.5,11034.9462,697917.3387,25812.5,4119.6237,62809.1398
TCGA.DD.AAVW.01A.11R.A41C.07,1,3678.3389,238938.5888,14336.0901,64875.5939,58.4198,571.5291,3819.1096
TCGA.DD.AAVX.01A.11R.A41C.07,1,35016.055,149864.6789,8288.9908,797776.3761,44928.8991,665.1376,69863.5321
TCGA.DD.AAVY.01A.11R.A41C.07,1,27720.1861,62002.0815,846.8696,218212.799,25.5081,6753.5303,6891.2742
TCGA.DD.AAVZ.01A.11R.A41C.07,1,62360.9023,192102.529,14445.6596,370084.7573,9818.8653,4159.9453,15429.9385
TCGA.DD.AAW0.01A.11R.A41C.07,1,9823.5405,287571.6898,5012.0685,191521.8191,4817.7229,1368.3742,19919.8467
TCGA.DD.AAW1.01A.11R.A41C.07,1,76134.2926,42625.2998,203.8369,478167.8657,19.7842,13808.753,6313.5492
TCGA.DD.AAW2.01A.11R.A41C.07,1,14329.6482,120548.7437,1568.8442,250535.6784,10784.42211,1761.809,1714.5729
TCGA.DD.AAW3.01A.11R.A41C.07,1,9822.9755,101519.1463,1463.9046,361105.6706,11324.21007,2485.0387,5219.502
TCGA.ED.A459.01A.11R.A266.07,1,31123.7715,217294.3854,2811.5653,548900.7264,42172.9098,2258.9375,146189.4317
TCGA.ED.A4XI.01A.11R.A266.07,1,20799.3421,223425,11172.3684,420421.0526,8627.6316,4096.0526,9554.6053
TCGA.ED.A5KG.01A.11R.A27V.07,1,260.2118,46404.942,925.3656,17759.9597,4.0343,131.1145,3461.4221
TCGA.ED.A627.01A.12R.A311.07,1,26005.7637,151055.9078,9300.8646,364087.6081,24442.6513,1912.3919,23354.4669
TCGA.ED.A66X.01A.11R.A311.07,1,13653.3531,180477.3274,4966.9625,98303.7475,1222.3866,853.0572,9684.9112
TCGA.ED.A66Y.01A.11R.A311.07,1,119.403,408555.7233,160.1607,86363.9495,136.0505,5196.9001,617.1068
TCGA.ED.A7PX.01A.51R.A352.07,1,3434.1117,135.4636,66.0931,23347.2621,14.2018,11.4707,1510.31
TCGA.ED.A7PY.01A.11R.A33R.07,1,4475.1408,393870.1935,5419.5445,102398.2366,6.8577,5457.7517,2827.3328
TCGA.ED.A7PZ.01A.11R.A33R.07,1,5275.9048,534692.1701,1540.6633,92247.1446,7940.33302,22.5678,399.6147
TCGA.ED.A7XO.01A.11R.A352.07,1,15853.0338,293364.6861,24567.7094,187350.8293,8519.8404,1558.6815,8119.2526
TCGA.ED.A7XP.01A.11R.A352.07,1,8246.1095,9194.8127,17097.4063,283540.0576,221.902,5514.121,16829.3948
TCGA.ED.A82E.01A.11R.A352.07,1,22800.7203,77.6311,4.8019,451.7807,1.6006,2.0008,13434.974
TCGA.ED.A8O5.01A.11R.A36F.07,1,1158.3784,517447.5676,6092.4324,98692.4324,169.7297,1211.8919,814.5946
TCGA.ED.A8O6.01A.11R.A36F.07,1,37947.0992,169682.3031,6771.2991,342832.6757,6390.7643,2003.7995,56958.6439
TCGA.ED.A97K.01A.21R.A38B.07,1,9766.0394,28431.3855,1295.9172,161672.2791,8388.2469,880.3786,10108.0665
TCGA.EP.A12J.01A.11R.A131.07,1,31560.3461,65969.0824,93.0364,180586.0162,5.1057,12600.7658,2818.8909
TCGA.EP.A26S.01A.11R.A16W.07,1,16796.6531,77643.9502,3706.2645,118712.7601,0.8808,3578.9937,3336.3426
TCGA.EP.A2KA.01A.11R.A180.07,1,12338.0783,195930.0119,743.1791,155647.0937,867.1412,168.446,14239.6204
TCGA.EP.A2KB.01A.11R.A180.07,1,1957.6516,278643.8884,10743.9846,199680.462,136.1886,1887.3917,6772.3773
TCGA.EP.A2KC.01A.11R.A213.07,1,42239.2934,73960.3854,6355.4604,545073.3405,14452.8908,3131.6916,17366.167
TCGA.EP.A3JL.01A.11R.A213.07,1,43988.6878,114181.7496,16684.0121,393171.9457,37365.0075,2765.46,62756.4103
TCGA.EP.A3RK.01A.11R.A22L.07,1,41293.8497,66449.8861,3359.9089,401351.9362,9714.6925,634.9658,56574.0319
TCGA.ES.A2HS.01A.11R.A180.07,1,28905.417,1055805.675,2937.2313,501547.7214,865.0043,5351.6767,9888.2201
TCGA.ES.A2HT.01A.12R.A180.07,1,133271.0505,156483.5605,32940.6576,1198765.838,20863.6728,2869.2863,82371.2911
TCGA.FV.A23B.01A.11R.A16W.07,1,1729.1,183909.0909,3512.5628,369084.5135,5064.413,3430.3335,59392.8735
TCGA.FV.A2QQ.01A.11R.A22L.07,1,12553.5379,142719.474,32152.7865,282498.4346,10984.3456,2381.34,37267.3763
TCGA.FV.A2QR.01A.11R.A213.07,1,42634.4951,63425.6777,3256.479,44999.1063,84.5993,1921.3584,9366.6965
TCGA.FV.A3I0.01A.11R.A22L.07,1,12901.9378,113.3294,11.1568,640.6342,7.6336,4.1104,24293.0123
TCGA.FV.A3I1.01A.11R.A22L.07,1,19678.7176,147438.565,19006.928,262131.3189,13356.63,1842.9482,31216.7985
TCGA.FV.A3R2.01A.11R.A22L.07,1,13423.4195,111557.6798,8025.201,261495.1119,3396.0461,66.4784,28171.1927
TCGA.FV.A3R3.01A.11R.A22L.07,1,9191.8998,146110.4254,4373.1403,819195.4224,3.4367,490.8685,20828.9779
TCGA.FV.A495.01A.11R.A266.07,1,34051.1811,601939.3701,12935.4331,192203.937,8881.1024,2404.7244,5803.1496
TCGA.FV.A496.01A.11R.A266.07,1,33786.3578,515743.8867,24893.8224,50344.9163,20234.8777,344.2728,29097.8121
TCGA.FV.A4ZP.01A.12R.A266.07,1,2594.7416,377433.3182,397.0988,41841.3418,126.9266,670.8976,10493.2004
TCGA.FV.A4ZQ.01A.11R.A266.07,1,11073.6292,59555.0914,2126.893,93009.3995,102.3499,484.0731,11193.7337
TCGA.G3.A25S.01A.11R.A16W.07,1,58043.2671,38316.4091,9310.9639,111769.8308,2865.6365,673.4364,27251.2141
TCGA.G3.A25T.01A.11R.A16W.07,1,5162.6193,21199.9133,614.484,41915.438,1391.1535,385.9497,3268.8638
TCGA.G3.A25U.01A.11R.A16W.07,1,3239.8216,48521.9393,43402.6759,234740.3251,904.618,441.9508,7007.3371
TCGA.G3.A25V.01A.11R.A16W.07,1,35533.7382,268551.9568,22268.556,613294.8718,35455.4656,8316.4642,55790.1484
TCGA.G3.A25X.01A.11R.A16W.07,1,46062.5705,8041.1499,19.1657,1267997.745,664.5998,5.637,7833.7091
TCGA.G3.A25Y.01A.11R.A16W.07,1,14515.4384,114124.3918,2011.8553,128380.43,112.5365,1065.9117,7668.7605
TCGA.G3.A25Z.01A.11R.A16W.07,1,63386.0074,341056.1095,26315.278,460767.5987,34075.4858,1489.5237,65049.9117
TCGA.G3.A3CG.01A.11R.A213.07,1,51101.227,26013.0368,9024.5399,725216.2577,28784.5092,3381.135,33746.1656
TCGA.G3.A3CH.01A.11R.A22L.07,1,4341.4047,371383.7475,20095.0811,251300.0761,5600.2789,3594.7008,7347.2363
TCGA.G3.A3CI.01A.11R.A213.07,1,37218.9781,142482.6642,19179.7445,604507.2993,10872.2628,661.4964,18163.3212
TCGA.G3.A3CJ.01A.11R.A213.07,1,88882.4427,123984.7328,6096.1832,597810.687,29632.0611,9771.7557,15323.6641
TCGA.G3.A3CK.01A.11R.A213.07,1,79638.723,33824.2291,11443.5148,805485.9604,35014.8609,2746.0568,22549.9256
TCGA.G3.A5SI.01A.31R.A27V.07,1,9881.2823,203040.3309,29148.2937,359836.1944,2473.6298,3564.8397,7072.5957
TCGA.G3.A5SJ.01A.11R.A27V.07,1,14634.9906,88071.7432,4371.932,243915.0409,999.3707,1168.6595,3662.0516
TCGA.G3.A5SK.01A.11R.A27V.07,1,120042.1053,193320,29704.2105,1036793.684,63237.8947,16080,34447.3684
TCGA.G3.A5SL.01A.11R.A27V.07,1,72459.2925,49043.7956,5130.8254,401277.3723,2440.7636,1376.7546,6572.1505
TCGA.G3.A5SM.01A.12R.A28V.07,1,69556.4182,193207.5569,30990.1656,381191.5114,47415.6315,3847.8261,62219.4617
TCGA.G3.A6UC.01A.21R.A33J.07,1,19037.1874,80804.6168,4439.8543,347745.6725,1.8306,2592.7627,4697.9712
TCGA.G3.A7M5.01A.11R.A33R.07,1,34449.4751,1082052.303,15437.4309,214334.4292,9780.8157,747.8367,14549.5183
TCGA.G3.A7M6.01A.11R.A33R.07,1,14811.1652,37225.3899,2111.0559,48146.2203,2841.7602,1355.3194,3015.3968
TCGA.G3.A7M7.01A.12R.A352.07,1,16721.3627,341558.0559,47335.5212,909041.2564,28423.9725,2583.9975,72019.0655
TCGA.G3.A7M8.01A.11R.A33R.07,1,22343.75,184701.6616,5977.8963,767865.0915,13362.8049,9189.7866,17125.7622
TCGA.G3.A7M9.01A.23R.A352.07,1,383.567,86044.122,1798.2155,27370.1343,263.9474,209.8245,6888.9107
TCGA.G3.AAUZ.01A.11R.A38B.07,1,12633.0803,678310.559,27035.6568,580708.5346,8482.1716,1143.7773,10117.3223
TCGA.G3.AAV0.01A.11R.A37K.07,1,39845.4979,1503293.524,12627.0379,287737.1457,2048.6581,6029.5962,6534.2363
TCGA.G3.AAV1.01A.11R.A38B.07,1,7027.4046,157310.5857,9773.7775,223591.3756,1208.4901,901.1284,4132.7243
TCGA.G3.AAV2.01A.11R.A37K.07,1,36299.2782,7064.7421,29.9488,269835.2973,4.4605,1735.1216,3090.4662
TCGA.G3.AAV3.01A.11R.A37K.07,1,37239.0464,95360.8247,3268.6856,325063.1443,5916.8814,2205.5412,19121.134
TCGA.G3.AAV4.01A.11R.A38B.07,1,52.6001,175873.8793,22.116,31092.0502,10561.62582,0.5977,2.3909
TCGA.G3.AAV5.01A.11R.A37K.07,1,1839.1402,137846.2265,3824.2589,130624.7786,8594.16558,4918.389,1900.5551
TCGA.G3.AAV6.01A.21R.A37K.07,1,51.1779,425691.5296,2363.0072,130887.7748,923.5552,1244.7407,5277.2063
TCGA.G3.AAV7.01A.11R.A38B.07,1,14904.7028,171.6618,950.7788,68796.5535,879.174,392.1666,26771.6554
TCGA.GJ.A3OU.01A.31R.A38B.07,1,13937.5324,198391.717,3854.3572,127679.0336,5248.6626,1230.7161,23266.9543
TCGA.GJ.A6C0.01A.12R.A311.07,1,47361.2764,44459.1671,15621.417,250604.6512,11504.5971,455.3813,32825.8518
TCGA.GJ.A9DB.01A.11R.A37K.07,1,8116.4756,115388.1412,21032.589,136133.9771,6988.5335,22.3295,9177.4291
TCGA.HP.A5MZ.01A.21R.A27V.07,1,41562.38,134995.5214,24419.7057,493895.0736,29228.4069,9409.469,51543.826
TCGA.HP.A5N0.01A.11R.A28V.07,1,27221.0595,299425.1145,5996.0759,210211.9032,6232.1779,6483.9765,5435.5788
TCGA.K7.A5RF.01A.11R.A28V.07,1,27024.3342,600300.456,14739.9885,541704.5411,30349.8755,7510.251,15944.0506
TCGA.K7.A5RG.01A.11R.A28V.07,1,3860.0128,123080.4664,19041.0385,86710.0935,3215.7872,951.3176,14949.3715
TCGA.K7.A6G5.01A.11R.A311.07,1,77812.7765,330948.8586,15667.3155,801052.5571,24110.4229,16724.1196,59499.5576
TCGA.K7.AAU7.01A.11R.A38B.07,1,8870.7175,63439.5604,1236.5869,230700.7111,2170.6529,363.9302,15564.9644
TCGA.KR.A7K0.01A.12R.A33R.07,1,85877.2387,73889.0628,13053.7298,313667.8838,14531.7336,6912.8847,24593.9837
TCGA.KR.A7K2.01A.12R.A33R.07,1,4756.9886,330329.9179,12956.8442,375552.813,895.5217,2629.1839,12599.3881
TCGA.KR.A7K7.01A.11R.A33J.07,1,63376.7313,151754.8476,8551.9391,601259.6953,11531.856,1766.6205,84068.5596
TCGA.KR.A7K8.01A.11R.A33J.07,1,10355.8952,159535.6623,8802.7656,124500,4978.1659,1224.8908,35117.9039
TCGA.LG.A6GG.01A.11R.A311.07,1,14544.6048,179096.6703,12032.7593,566083.6099,27657.8913,728.0467,65738.1678
TCGA.LG.A9QC.01A.11R.A37K.07,1,2951.4429,8544.8507,2.6061,57413.7086,2.6061,3933.3026,2335.093
TCGA.LG.A9QD.01A.11R.A38B.07,1,41121.6783,392374.8252,22602.7972,849832.8671,50402.0979,8618.1818,79504.8951
TCGA.MI.A75C.01A.11R.A32O.07,1,67459.9729,86581.4111,6902.3066,401818.8602,19379.2402,3103.1208,27406.3772
TCGA.MI.A75E.01A.11R.A32O.07,1,36646.7309,274738.9762,9911.8094,512441.9665,15891.8736,5850.3126,33106.268
TCGA.MI.A75G.01A.11R.A32O.07,1,32484.9205,392577.6259,20084.3857,181111.8705,3315.4063,3236.9633,15378.9927
TCGA.MI.A75H.01A.11R.A32O.07,1,36372.3653,161029.6643,247.4629,226773.6144,536.2998,449.6487,3843.872
TCGA.MI.A75I.01A.11R.A32O.07,1,22088.7793,137768.8039,2315.0432,202853.8841,2264.4883,696.0543,10871.7633
TCGA.MR.A520.01A.11R.A266.07,1,40008.2593,169611.3979,29034.8957,519913.2769,8521.1646,4137.1051,18637.2083
TCGA.MR.A8JO.01A.12R.A36F.07,1,14899.8483,32568.2853,39408.1942,522126.7071,3929.4385,2025.0379,35593.3232
TCGA.NI.A4U2.01A.11R.A28V.07,1,38997.735,256418.271,23662.5142,326425.0661,3.775,2676.8592,26961.8724
TCGA.NI.A8LF.01A.11R.A36F.07,1,20572.2469,397156.4191,12467.2889,400653.7396,1703.7044,3483.8283,20817.5598
TCGA.O8.A75V.01A.11R.A32O.07,1,43567.8803,172724.468,13625.3955,911668.0304,16113.2002,4523.7148,59530.2503
TCGA.PD.A5DF.01A.11R.A27V.07,1,8029.4464,65078.3274,9351.5901,527676.0895,2206.1249,441.6961,55760.3062
TCGA.QA.A7B7.01A.11R.A32O.07,1,19029.6327,291294.6578,6965.3589,208360.601,810.1002,312.187,15010.0167
TCGA.RC.A6M3.01A.11R.A32O.07,1,19434.0028,10827.5333,409.6275,358841.0241,110.3787,26.3682,642.6491
TCGA.RC.A6M4.01A.11R.A32O.07,1,10198.7763,117651.6655,832.6309,241210.0612,206.1183,1790.8906,3508.9055
TCGA.RC.A6M5.01A.11R.A32O.07,1,37595.0367,79335.0254,78228.9904,891815.0028,11491.8218,534.123,53295.5443
TCGA.RC.A6M6.01A.11R.A32O.07,1,2145.3552,64552.459,782.5137,194126.2295,1933.8798,460.6557,29148.6339
TCGA.RC.A7S9.01A.11R.A33R.07,1,18619.4265,770857.0965,8176.5501,497025.0713,5.4046,3293.1992,15109.443
TCGA.RC.A7SB.01A.21R.A352.07,1,9639.1246,262387.9381,23420.3461,88226.9045,639.4122,384.726,9088.4031
TCGA.RC.A7SF.01A.11R.A352.07,1,20657.5875,485982.6459,21126.4591,431430.9339,12666.3424,1283.0739,17295.7198
TCGA.RC.A7SH.01A.11R.A38B.07,1,1838.7654,257081.7295,5277.9261,40064.6914,115.361,83.4933,6785.2676
TCGA.RC.A7SK.01A.11R.A352.07,1,675.4551,197816.0703,12348.3992,188492.1532,156.3089,537.9787,2833.0195
TCGA.RG.A7D4.01A.12R.A33R.07,1,26651.1799,131620.2065,10530.236,272238.9381,528.0236,522.1239,10453.5398
TCGA.T1.A6J8.01A.11R.A32O.07,1,12592.2402,202003.865,6055.0022,225523.4131,7136.019,473.9111,18431.3959
TCGA.UB.A7MA.01A.11R.A33R.07,1,17257.1622,24408.6185,197.1032,180664.347,103.4361,43.0984,8111.688
TCGA.UB.A7MB.01A.11R.A33R.07,1,29843.1648,62243.4738,17319.7566,101887.6404,2886.236,575.8427,9218.1648
TCGA.UB.A7MC.01A.11R.A33R.07,1,4361.0211,12160.4538,5858.59,184363.047,1.2156,5525.1216,3748.7844
TCGA.UB.A7MD.01A.12R.A352.07,1,34158.8946,18459.9885,7913.0685,292619.4588,10183.0743,2820.38,22225.6765
TCGA.UB.A7ME.01A.11R.A33J.07,1,3253.4521,349423.608,7141.2027,177939.124,339.124,418.1143,5390.3489
TCGA.UB.A7MF.01A.11R.A33J.07,1,44288.0795,184742.6679,2620.6244,290987.701,1.4191,4.7304,17985.8089
TCGA.UB.AA0U.01A.11R.A38B.07,1,9266.8508,176980.663,4970.7182,327143.0939,4814.3646,1085.6354,16422.6519
TCGA.UB.AA0V.01A.11R.A38B.07,1,28663.0327,396842.4182,11134.7869,336823.5877,26111.001,7887.0168,9973.2408
TCGA.WJ.A86L.01A.12R.A39D.07,1,15604.5273,216813.5819,6730.3595,137494.008,4883.4887,174.4341,12290.9454
TCGA.WQ.A9G7.01A.11R.A37K.07,1,3024.653,40926.4554,1217.3192,40672.8817,2141.2886,200.5386,2510.0476
TCGA.WQ.AB4B.01A.11R.A41C.07,1,18367.3938,196250.287,23402.9851,604335.2468,22578.6452,4095.2928,67264.0643
TCGA.WX.AA44.01A.11R.A39D.07,1,5089.9844,125299.687,3282.4726,115834.8983,320.0313,3378.7167,6952.2692
TCGA.WX.AA46.01A.11R.A39D.07,1,19991.5916,434317.7177,14705.7057,443175.3754,13187.3874,6422.8228,7245.6456
TCGA.WX.AA47.01A.11R.A39D.07,1,44465.6751,818.0778,27860.4119,1182405.034,14963.3867,435.9268,188314.6453
TCGA.XR.A8TC.01A.11R.A36F.07,1,46617.8559,121296.7714,20048.8108,69497.5852,33.6626,1036.4832,8471.5809
TCGA.XR.A8TD.01A.12R.A39D.07,1,15948.7332,129493.4743,24636.0723,111585.8036,1458.1619,110.6578,9631.4324
TCGA.XR.A8TE.01A.11R.A36F.07,1,23435.0539,103561.5428,7916.6194,110222.3483,2.2689,73.7379,379.4668
TCGA.XR.A8TF.01A.11R.A36F.07,1,6190.027,219828.8477,15127.3585,77698.7871,260.1078,1064.0162,7833.558
TCGA.XR.A8TG.01A.11R.A36F.07,1,16069.3385,37042.8512,10851.1996,938259.8364,7009.8461,718.9017,12416.5858
TCGA.YA.A8S7.01A.11R.A37K.07,1,6120.1467,9514.1014,502.3397,113056.7851,1462.5016,360.6931,43407.6135
TCGA.ZP.A9CV.01A.11R.A38B.07,1,45082.0802,48372.807,9819.5489,495086.4662,2464.2857,9437.3434,28300.1253
TCGA.ZP.A9CY.01A.11R.A38B.07,1,25086.584,293391.5939,18884.0989,779458.8786,33920.7275,2042.9045,32499.9158
TCGA.ZP.A9CZ.01A.11R.A38B.07,1,22932.7953,71315.8467,16622.0705,419647.3692,279.373,299.8603,6771.3798
TCGA.ZP.A9D0.01A.11R.A37K.07,1,7321.1068,88425.8945,11297.2973,821340.4118,54.0541,339.7683,15227.1557
TCGA.ZP.A9D1.01A.11R.A38B.07,1,47464.3087,12836.0129,9099.0354,430987.7814,32771.0611,1370.418,55552.4116
TCGA.ZP.A9D2.01A.11R.A38B.07,1,1704.1485,3459.2431,5271.8341,67484.3523,271.4702,245.2693,5925.0364
TCGA.ZP.A9D4.01A.11R.A37K.07,1,36104.0871,59520.2942,7151.4637,185811.9078,3742.045,10015.5565,6652.5244
TCGA.ZS.A9CD.01A.11R.A37K.07,1,33984.9737,139515.402,21064.6131,556158.5274,17584.5229,4713.7491,79219.3839
TCGA.ZS.A9CE.01A.11R.A37K.07,1,7487.965,637030.6619,16744.5295,179688.1838,8120.8972,1978.1182,7957.3304
TCGA.ZS.A9CF.01A.11R.A38B.07,1,11762.9221,171286.6988,13729.1523,211294.969,1035.8374,204.6864,6516.8849
TCGA.ZS.A9CF.02A.11R.A38B.07,1,25697.775,298804.6972,11406.0569,355813.3498,647.7132,386.2794,3014.2151
TCGA.ZS.A9CG.01A.11R.A37K.07,1,53072.1508,82807.8835,241.3025,669855.0129,339.3316,7107.455,8270.7798
TCGA-3X-AAV9-01A-72R-A41I-07,1,348.3941,5.988,0,983.1247,0.5444,0,82.1992
TCGA-3X-AAVA-01A-11R-A41I-07,1,6685.5346,369.9257,23.442,1739.8513,38.3076,9.7198,101.7724
TCGA-3X-AAVB-01A-31R-A41I-07,1,2938.6167,1.4586,0.4862,2215.1453,0,0,1.9448
TCGA-3X-AAVC-01A-21R-A41I-07,1,17.4411,802.8342,1.0901,277.422,4.3603,0,0.545
TCGA-3X-AAVE-01A-11R-A41I-07,1,8007.2323,339.9199,8.7821,16679.8399,51.6596,6.7157,5800.8524
TCGA-4G-AAZO-01A-12R-A41I-07,1,5373.7113,2.5773,0,241.4089,2.5773,0,0.8591
TCGA-4G-AAZT-01A-11R-A41I-07,1,8230.8978,77.1685,1.8229,1517.2414,10.9373,0,8.5068
TCGA-W5-AA2G-01A-11R-A41I-07,1,5798.1122,52295.7525,1649.7116,54861.5627,4899.8427,1018.8778,4303.6182
TCGA-W5-AA2H-01A-31R-A41I-07,1,0,15.6055,11.236,1.2484,0,0.6242,19.975
TCGA-W5-AA2I-11A-11R-A41I-07,0,40194.9686,676505.2411,24583.8574,423374.2138,31163.522,8599.5807,15009.434
TCGA-W5-AA2I-01A-32R-A41I-07,1,3722.3558,8060.0962,55.2885,7337.7404,271.6346,57.0913,1184.4952
TCGA-W5-AA2O-01A-11R-A41I-07,1,6420.3445,33264.8009,858.4499,43222.282,1865.9849,608.7191,1961.2487
TCGA-W5-AA2Q-11A-11R-A41I-07,0,37655.6474,450199.7245,13333.3333,545960.0551,25504.1322,3831.9559,13298.8981
TCGA-W5-AA2Q-01A-11R-A41I-07,1,2097.1574,48.7908,0.8485,1154.8579,0.4243,0.8485,430.2079
TCGA-W5-AA2R-11A-11R-A41I-07,0,47392.2731,403489.8981,16734.7713,737590.8983,50592.0834,765.1102,24993.6004
TCGA-W5-AA2R-01A-11R-A41I-07,1,4110.096,0,2.7755,12620.3308,0,7.4014,3114.1436
TCGA-W5-AA2T-01A-12R-A41I-07,1,1837.7724,100.2421,13.0751,6107.9903,3.8741,12.5908,34.8668
TCGA-W5-AA2U-11A-11R-A41I-07,0,31023.1649,639800.1675,26027.3514,579378.1747,33219.0901,2042.9807,9888.9199
TCGA-W5-AA2U-01A-11R-A41I-07,1,8631.4842,62.5633,1.8004,2834.2523,5.4011,2.7006,131.878
TCGA-W5-AA2W-01A-11R-A41I-07,1,4484.4412,278.7453,3.7308,604.3922,19.1871,11.7254,332.5756
TCGA-W5-AA2X-11A-11R-A41I-07,0,32892.094,322429.4872,19090.812,541433.7607,39041.6667,7829.0598,16487.1795
TCGA-W5-AA2X-01A-11R-A41I-07,1,209.7206,1391.504,29.0853,1573.1598,63.7836,40.8215,170.4299
TCGA-W5-AA2Z-01A-11R-A41I-07,1,2003.118,13.363,1.3363,14126.0579,1.7817,0.4454,36.5256
TCGA-W5-AA30-11A-11R-A41I-07,0,48512.6807,659437.1421,19527.6793,961706.0267,50200.1636,2771.748,23370.6027
TCGA-W5-AA30-01A-31R-A41I-07,1,6809.8729,2.9326,0.4888,3080.6452,2.9326,0,698.436
TCGA-W5-AA31-11A-11R-A41I-07,0,44210.5263,472232.3049,24516.3339,734984.5735,39145.1906,14428.3122,17638.8385
TCGA-W5-AA31-01A-11R-A41I-07,1,3564.9357,18138.2949,1547.7182,86440.0629,4414.6996,623.5305,3870.7766
TCGA-W5-AA33-01A-11R-A41I-07,1,2256.2886,21010.4414,651.1628,30372.5676,2040.8163,204.0816,1541.5282
TCGA-W5-AA34-11A-11R-A41I-07,0,27252.6146,702666.9348,19004.0225,303807.7233,16176.1866,6630.7321,10008.8496
TCGA-W5-AA34-01A-11R-A41I-07,1,13809.5483,17.9671,9.2402,22522.0739,3.0801,1.0267,1483.0595
TCGA-W5-AA36-01A-11R-A41I-07,1,7944.7005,5.7604,0,1923.3871,1.1521,1.1521,192.3963
TCGA-W5-AA38-01A-11R-A41I-07,1,16960.4299,24.426,0.4885,1555.447,2.4426,0,18644.8461
TCGA-W5-AA39-01A-11R-A41I-07,1,8682.1886,42614.6682,6498.2538,72430.7334,19.7905,208.3818,14799.7672
TCGA-W6-AA0S-01A-11R-A41I-07,1,8981.1589,9.4798,0.948,28986.3728,0.474,0,319.4691
TCGA-WD-A7RX-01A-12R-A41I-07,1,10870.7359,111992.6807,1565.8084,74424.7811,3926.2841,902.3657,2928.7675
TCGA-YR-A95A-01A-12R-A41I-07,1,7648.2122,26000,1167.2434,41357.5548,2494.233,396.1938,2657.4394
TCGA-ZD-A8I3-01A-11R-A41I-07,1,13831.5534,6.3107,0,19927.6699,0,6.7961,173.7864
TCGA-ZH-A8Y1-01A-11R-A41I-07,1,598.7452,49.4738,2.2488,3047.135,2.811,0,237.2493
TCGA-ZH-A8Y2-01A-11R-A41I-07,1,9871.3144,266.8064,0,40135.2378,5.766,4.1934,918.3593
TCGA-ZH-A8Y4-01A-11R-A41I-07,1,11710.2713,6539.2442,280.5233,18920.0581,872.093,105.1357,1232.0736
TCGA-ZH-A8Y5-01A-11R-A41I-07,1,2560.7949,4.8864,0.3258,5401.4171,0.3258,9.7728,121.5083
TCGA-ZH-A8Y6-01A-11R-A41I-07,1,84.0604,97.5701,47.6593,4549.3949,3.7527,1.1258,4.5032
TCGA-ZH-A8Y8-01A-51R-A41I-07,1,5615.2263,8971.1934,856.3786,26718.5185,1951.0288,181.4815,1462.1399
TCGA-ZU-A8S4-11A-11R-A41I-07,0,74072.2237,330959.5439,22177.5726,1208438.784,88961.173,12298.6696,46042.8998
TCGA-ZU-A8S4-01A-11R-A41I-07,1,3699.3643,174.9969,15.9541,22687.7727,77.7764,32.9054,4019.4441