Cancer,labels,Hybridization.REF,APCS,APOA1,ARG1,FGA,C9,MBL2,LBP
PACA-CA,0,PCSI_0103_Pa_P_526,0.0306095,0.0607284,0.580261,0.0330318,0,0,0
PACA-CA,0,MPCC_0024_Pa_C,0,0.0240335,0,0,0.00707313,0,0
PACA-CA,0,PCSI_0111_Pa_P_526,0,0.289008,0.156345,0.0137257,0.0646295,0,0
PACA-CA,0,PCSI_0101_Pa_P_526,12.8346,0.882541,0,14.7582,0.334614,0,0.441031
PACA-CA,0,PCSI_0105_Pa_P_526,10.337,0,0.132646,1.44049,0.0837362,0,0.00834328
PACA-CA,0,MPCC_0017_Pa_C,0,0.799417,0,0,0,0,0
PACA-CA,0,PCSI_0074_Pa_P_526,2.42113,0.441244,0.067755,2.27293,0.110916,0,0.17457
PACA-CA,0,PCSI_0090_Pa_P_526,0,0.0178648,1.00561,0.616674,0.219497,0,0
PACA-CA,0,MPCC_0015_Pa_C,0,0.20956,0,0,0,0.00277714,0.0220209
PACA-CA,0,PCSI_0075_Pa_P_526,0,0,0,0.0124786,0,0,0
PACA-CA,0,PCSI_0073_Pa_P_526,0,0.156342,0,0.555394,0.120705,0,0
PACA-CA,0,PCSI_0102_Pa_P_526,0,0.172273,0.015463,0.677463,0,0,0.0444291
PACA-CA,0,PCSI_0081_Pa_P_526,0.313224,0.0852402,0.0595762,5.28587,0,0,0
PACA-CA,0,MPCC_0023_Pa_C,0,0.376513,0,0,0.00418584,0,0.0448063
PACA-CA,0,MPCC_0025_Pa_C,0,0.634435,0.00608971,0,0,0,0.029916
PACA-CA,0,MPCC_0043_Pa_C,0,0.446463,0,0.00563283,0,0.00155948,0.0299148
PACA-CA,0,MPCC_0014_Pa_C,0,0.285899,0.00907443,0.0112736,0,0,0.012558
PACA-CA,0,PCSI_0077_Pa_P_526,0,20.2664,0.179668,0,0,0,0
PACA-CA,0,PCSI_0072_Pa_P_526,0.293864,0.607471,0.136432,0.615059,0.138666,0,0.0918673
PACA-CA,0,MPCC_0040_Pa_C,0,0.0430469,0,0,0.0391335,0.00212398,0.0170041
PACA-CA,0,MPCC_0010_Pa_C,0,0.0876538,0,0,0.00501678,0,0.126736
PACA-CA,0,PCSI_0099_Pa_P_526,0.345676,0.251009,0,2.07494,0.0705056,0,0.402133
PACA-CA,0,PCSI_0082_Pa_P_526,0.237376,0.0888427,0.788779,0.285339,0.233592,0,0.0737251
PACA-CA,0,PCSI_0078_Pa_P_526,0.492369,0.169068,0.28775,0.748118,0.157519,0,0.191186
PACA-CA,0,MPCC_0005_Pa_C,0,0.163975,0,0,0,0,0.0587754
PACA-CA,0,PCSI_0010_Pa_X,0,0,0,0,0,0,0
PACA-CA,0,PCSI_0022_Pa_C,0,0.0689109,0.0406288,0,0.093059,0,0
PACA-CA,0,PCSI_0022_Pa_X,0,0.22367,0.0272902,0,0.0906606,0,0
PACA-CA,0,PCSI_0022_Pa_P,1.71931,0.0135153,0,0.711971,0.00412301,0,0
PACA-CA,0,PCSI_0084_Pa_P_526,2.25958,0.130143,0.14931,1.17014,0,0,0.0896026
PACA-CA,0,MPCC_0028_Pa_C,0,0.896391,0.0272235,0.0117806,0.0277011,0.00108265,0.00727076
PACA-CA,0,MPCC_0008_Pa_C,0.0364137,0.306227,0.0123664,0.923017,0.107465,0.0013265,0.174121
PACA-CA,0,MPCC_0009_Pa_C,0,0.354689,0.027021,0,0.555349,0.00373658,0.0874565
PACA-CA,0,PCSI_0098_Pa_P_526,4.56673,1.47517,0.14463,1.09314,0,0,0
PACA-CA,0,PCSI_0014_Pa_X,0,0,0.116387,0,0,0.00691302,0
PACA-CA,0,PCSI_0109_Pa_P_526,0,0,0,0.0426921,0,0,0
PACA-CA,0,MPCC_0006_Pa_C,0,1.49671,0,0,0,0,0.113516
PACA-CA,0,MPCC_0007_Pa_C,0,0.978097,0,0,0,0,0
PACA-CA,0,MPCC_0019_Pa_C,0,0.304245,0,0,0,0,0
PACA-CA,0,PCSI_0024_Pa_C,0,0.0421225,0.0104471,0,0.0907255,0,0
PACA-CA,0,PCSI_0104_Pa_P_526,0.0316447,0.0631522,0.375259,0.133362,0,0,0.0388061
PACA-CA,0,MPCC_0037_Pa_C,0.0272024,0.464214,0,0.00903572,0.0129562,0.00290155,0.0073705
PACA-CA,0,MPCC_0004_Pa_C,0.0303333,0,0,0,0,0.0190457,0
PACA-CA,0,PCSI_0106_Pa_P_526,0.818611,0,0.203268,0.271094,0.0612271,0,0.0788124
PACA-CA,0,PCSI_0044_Pa_P_526,6.86516,0,0,10.7443,0,0,0.453405
PACA-CA,0,MPCC_0011_Pa_C,0,0.183401,0,0,0,0.00074141,0.0139109
PACA-CA,0,PCSI_0085_Pa_P_526,2.9511,0,0.978705,0.848357,0,0,0
PACA-CA,0,MPCC_0039_Pa_C,0,0.125931,0,0.00895123,0.0231052,0,0.039626
PACA-CA,0,PCSI_0019_Pa_P_526,6.96861,0.196373,0.08024,2.42142,0,0,0
PACA-CA,0,PCSI_0633_Pa_P_526,6.13063,0,0,0.595664,0,0,0
PACA-CA,0,PCSI_0633_Pa_X_526,0,0.0565998,0.0645957,0.011872,0.0379616,0,0.0156196
PACA-CA,0,PCSI_0410_Ag_M,0,0,1.37881,0.131039,0,0,0.522182
PACA-CA,0,PCSI_0410_Hr_M,0,0,0.33208,0,0,0,0.274418
PACA-CA,0,PCSI_0410_Ln_M_526,0.0351634,0.0702081,0.652216,0.0855325,0,0.00388601,0.672201
PACA-CA,0,PCSI_0410_Lu_M,0,0,0,0,0,0,0
PACA-CA,0,PCSI_0410_Lu_M_526,0,0.103871,0.163609,0.0314531,0,0,0.24822
PACA-CA,0,PCSI_0410_Lv_M,0,6.45603,1.57146,14.7284,0,0,0.113738
PACA-CA,0,PCSI_0410_Mu_M,0,0,0.86272,0,0,0,0.311683
PACA-CA,0,PCSI_0410_Om_M,0,0.0713091,0.315442,0,0,0,0.623542
PACA-CA,0,MPCC_0020_Pa_C,0,0.912775,0,0,0.0425386,0.00245442,0.0180944
PACA-CA,0,PCSI_0146_Pa_P_526,0,0.268769,0,0.0107132,0,0,0.23665
PACA-CA,0,PCSI_0509_Pa_P_526,0,0,0.0213782,0,0,0,0.0308686
PACA-CA,0,PCSI_0240_Pa_P_526,8.44838,0.0868329,0.211632,7.39208,0.14038,0,0.137655
PACA-CA,0,PCSI_0284_Pa_P_526,0,0.325488,0.0702299,0.00726014,0.821674,0,0
PACA-CA,0,PCSI_0456_Pa_P_526,0.0893902,0,0,0.106128,0,0,0
PACA-CA,0,PCSI_0171_Pa_P_526,0.230461,0.0511,0.0139182,0.108501,0.0585711,0,0
PACA-CA,0,PCSI_0460_Pa_P_526,8.75725,0,0.0442624,7.11903,0.739005,0,1.59757
PACA-CA,0,PCSI_0280_Pa_P,0.052171,0.103484,0,0.819677,0.0461578,0,0
PACA-CA,0,PCSI_0334_Pa_P_526,12.4886,0.218568,0,7.04871,0.0141939,0,0.36439
PACA-CA,0,PCSI_0451_Pa_P_526,0.0259573,0.130153,0,0.0278197,0.0505409,0,0.0215534
PACA-CA,0,PCSI_0210_Pa_P_526,0,0.470708,0,0.301783,0,0,0.0389849
PACA-CA,0,PCSI_0492_Pa_P_526,5.65449,0.290065,0.365424,0.358905,0.0649847,0,0.0538447
PACA-CA,0,PCSI_0329_Pa_P_526,0.0552851,0,0.0923669,0,0.206821,0.0240774,0.275651
PACA-CA,0,PCSI_0473_Pa_P_526,20.5524,0.233934,0.478137,5.04004,0.0871727,0,0
PACA-CA,0,PCSI_0235_Pa_P_526,1.91106,0.0817503,0.0397745,1.68726,0.491502,0,0
PACA-CA,0,PCSI_0302_Pa_P,0,0.12687,0.396859,0,0,0,0
PACA-CA,0,PCSI_0468_Pa_P_526,0,0.221045,0.404329,0.435085,0.010746,0,0.0153316
PACA-CA,0,PCSI_0463_Pa_P_526,6.05116,0.146756,0.0985094,2.46146,0.571791,0,0
PACA-CA,0,PCSI_0309_Pa_P,0.77805,0.0890272,0.442759,0.904813,0.114801,0,0.262707
PACA-CA,0,PCSI_0297_Pa_P_526,8.69542,0,0.0329609,6.26171,0.0250557,0,0.118963
PACA-CA,0,PCSI_0263_Pa_P_526,0,0.102145,0.17199,0,0.0512052,0,0
PACA-CA,0,PCSI_0290_Pa_P_526,0,5.43406,0,8.18659,0,0,0.0390547
PACA-CA,0,PCSI_0217_Pa_P_526,0.0232411,0.505859,0.473417,1.90097,0.248454,0,0.133462
PACA-CA,0,PCSI_0286_Pa_P,28.867,0.040291,0.027641,7.07535,0,0,0.067412
PACA-CA,0,PCSI_0294_Pa_P_526,2.77321,0.358774,0.0661522,2.18956,0,0,0.250666
PACA-CA,0,PCSI_0233_Pa_P_526,1.38504,0.0293801,0.0160079,3.32106,0,0,0
PACA-CA,0,PCSI_0457_Pa_P_526,15.8194,0.156996,0.499699,2.31723,0.00932108,0,0
PACA-CA,0,PCSI_0227_Pa_P_526,0.182467,1.70631,0.178853,0.0647881,0,0,0
PACA-CA,0,PCSI_0465_Pa_P_526,0.0746442,0.0744587,0,0.132533,0.231736,0,0
PACA-CA,0,PCSI_0330_Pa_P_526,0,0,0.729564,0.191843,0,0,0.401418
PACA-CA,0,PCSI_0392_Pa_P_526,0.106599,0.13302,0,0.159757,0,0,0.0656052
PACA-CA,0,PCSI_0337_Pa_P_526,45.0257,0.139864,0.426904,7.27407,0,0,0.0463732
PACA-CA,0,PCSI_0142_Pa_P_526,0,0.509093,0.240917,0.0266762,0,0,0.383864
PACA-CA,0,PCSI_0453_Pa_P_526,3.21815,0,0.187907,1.47708,0,0,0
PACA-CA,0,PCSI_0226_Pa_P_526,0,0,0,0.291612,0,0,0
PACA-CA,0,PCSI_0506_Pa_P_526,228.811,0,0.351938,24.9448,0,0,0.063758
PACA-CA,0,PCSI_0326_Pa_P_526,5.61854,0,0.152243,2.16881,0,0,0
PACA-CA,0,PCSI_0162_Pa_P_526,0.0301868,0.0301055,0.254344,0,0,0,0
PACA-CA,0,PCSI_0228_Pa_P_526,0,0,0.370652,0.458782,0.0719816,0,0.01333
PACA-CA,0,PCSI_0357_Pa_P_526,0.825919,4.48599,0.525117,1.09286,0.18879,0,0
PACA-CA,0,PCSI_0341_Pa_P_526,0.946354,0.0510428,0,0.734622,0.0515024,0,0.137162
PACA-CA,0,PCSI_0283_Pa_P,0.210563,0,0.32211,5.74121,0,0,1.74115
PACA-CA,0,PCSI_0287_Pa_P_526,0,0.0486839,0.644963,0,0,0,0
PACA-CA,0,PCSI_0345_Pa_P_526,19.4441,0,0.898012,1.89395,0.387728,0,0
PACA-CA,0,PCSI_0285_Pa_P,40.6891,0.658255,0.240917,27.4269,0,0,0.758578
PACA-CA,0,PCSI_0310_Pa_P_526,0.481769,0,0.250878,0.124788,0,0,0.0134317
PACA-CA,0,PCSI_0354_Pa_P_526,7.01317,0.311217,0,4.04238,0.063287,0,0.0511884
PACA-CA,0,PCSI_0469_Pa_P_526,1.31056,0,0,2.19099,0.551853,0,0
PACA-CA,0,PCSI_0450_Pa_P_526,12.1139,6.41018,0,2.41287,0.198879,0,0
PACA-CA,0,PCSI_0508_Pa_P_526,176.487,0.0393733,0,99.5103,0,0,0.0163888
PACA-CA,0,PCSI_0458_Pa_P_526,2.04778,0,0,1.9438,0,0,0
PACA-CA,0,PCSI_0173_Pa_P_526,0,0,0,0.00913321,0,0,0
PACA-CA,0,PCSI_0261_Pa_P,0.263979,0.163647,0.0182063,0.128065,0,0,0
PACA-CA,0,PCSI_0264_Pa_P,0,0,0,0,0.0989846,0,0
PACA-CA,0,PCSI_0170_Pa_P_526,12.1573,1.38182,0,6.55151,0.0489951,0,0
PACA-CA,0,PCSI_0338_Pa_P_526,11.1414,0,0.257555,3.30959,0.0262488,0,0
PACA-CA,0,PCSI_0572_Pa_P_526,509.897,0.0309301,0,55.3756,0,0.02007,2041.35
PACA-CA,0,PCSI_0145_Pa_P_526,0,0.427007,0.172191,0,0.103936,0,0.840386
PACA-CA,0,PCSI_0268_Pa_P,11.7117,1.21224,0.770207,15.2553,0.42756,0,0
PACA-CA,0,PCSI_0324_Pa_P_526,16.5724,0,0.0845781,1.07006,0,0,0
PACA-CA,0,PCSI_0511_Pa_P,0.0285311,0.199407,0,0.0102915,0,0,0
PACA-CA,0,PCSI_0300_Pa_P_526,0,0,0.131339,0.885381,0.292717,0,0.0718436
PACA-CA,0,PCSI_0274_Pa_P_526,0,0.538804,0.0165059,0.188792,0.676699,0.0130842,0
PACA-CA,0,PCSI_0292_Pa_P_526,0,0,0,0,0.110568,0,0
PACA-CA,0,PCSI_0467_Pa_P_526,0,0,0.0912819,0.49102,0,0,0
PACA-CA,0,PCSI_0015_Pa_P_526,0.752385,0,0,0.563473,1.83555,0,0
PACA-CA,0,PCSI_0230_Pa_P_526,2.98357,0,0,5.21049,0.0100153,0,0.128906
PACA-CA,0,PCSI_0328_Pa_P_526,14.2187,0.519611,0.0432492,7.06074,0.162381,0,0.125021
PACA-CA,0,PCSI_0175_Pa_P_526,0.141934,0,0,0.0628583,0.118787,0,0
PACA-CA,0,PCSI_0161_Pa_P_526,0,0.200721,0.0574451,2.09108,0.362963,0,0
PACA-CA,0,PCSI_0295_Pa_P_526,0,0.113484,0,2.11359,0.461337,0,0.0118516
PACA-CA,0,PCSI_0466_Pa_P_526,28.9336,0.545106,0,27.999,0,0,1.23835
PACA-CA,0,PCSI_0174_Pa_P_526,0,0,0.105829,0,0.0696209,0,0.102666
PACA-CA,0,PCSI_0325_Pa_P_526,0.700198,0,0,1.88401,0,0,0.0971118
PACA-CA,0,PCSI_0269_Pa_P,6.02146,0.0834742,0.278175,7.23915,0,0,0.630907
PACA-CA,0,PCSI_0403_Pa_P,0,1.23882,0.217894,0.270924,0,0,0
PACA-CA,0,PCSI_0402_Pa_P_526,0.670513,0,0,1.97914,0,0,0.0106091
PACA-CA,0,PCSI_0404_Pa_P_526,0,0.483584,0,0,0.210145,0,0.0934039
PACA-CA,0,PCSI_0383_Pa_P_526,0.410815,0,0.269886,0.262426,0.116597,0,0
PACA-CA,0,PCSI_0356_Pa_P_526,0,0,0.998095,2.06273,0,0,0.0244668
PACA-CA,0,PCSI_0384_Pa_P_526,0.0541439,0,0.105852,0.11456,0.243261,0,0.111078
PACA-CA,0,PCSI_0353_Pa_P_526,0,0,0,0.559202,0,0,0
PACA-CA,0,PCSI_0352_Pa_P_526,0,0.0621918,0.393273,0.0663924,0,0,0
PACA-CA,0,PCSI_0351_Pa_P_526,0.140468,0.11607,0.0133557,0.148617,0,0,0
PACA-CA,0,PCSI_0355_Pa_P_526,0,0.147899,0.243489,0.0971805,0.0489291,0,0.0207789
PACA-CA,0,PCSI_0355_Pa_X_526,0,0.0834579,0.285507,0,0,0,0
PACA-CA,0,PCSI_0350_Pa_P_526,0,0.72836,0.774887,0.4711,0,0,0
PACA-CA,0,PCSI_0347_Pa_P_526,2.85056,3.83767,0,21.5601,0.0474541,0.00708131,0.751329
PACA-CA,0,PCSI_0312_Pa_P_526,1.5953,0,0,0.114148,0.0666811,0,0
PACA-CA,0,PCSI_0311_Pa_P_526,1.56869,0.522146,0,4.02498,0,0,0
PACA-CA,0,PCSI_0307_Pa_P,0,0,0.294093,0.983477,0.0845504,0,0
PACA-CA,0,PCSI_0305_Pa_P_526,0,0.22925,0,0.354544,0.0061535,0,0
PACA-CA,0,PCSI_0303_Pa_P_526,1.36401,0,0.0419331,0.869699,0.0451119,0,0
PACA-CA,0,PCSI_0301_Pa_P_526,0.0221147,0.10964,0.0705226,0.257426,0.151974,0,0.0726091
PACA-CA,0,PCSI_0224_Pa_P_526,15.9406,0.330071,0.923933,7.20728,0.0097102,0,0
PACA-CA,0,PCSI_0279_Pa_P,0.226645,0.0376926,0.193621,1.51722,0,0,0
PACA-CA,0,PCSI_0218_Pa_P_526,124.068,0.102379,0.206116,14.083,0,0.0136929,0.795105
PACA-CA,0,PCSI_0164_Pa_P_526,0,0,0,0.0106188,0,0,0
PACA-CA,0,PCSI_0518_Pa_P,30.8717,0.170256,0.436973,27.7645,0.424215,0,0.972971
PACA-CA,0,PCSI_0534_Pa_P_526,0,0,2.43006,0.0414348,0.0601342,0,0.801368
PACA-CA,0,PCSI_0475_Pa_P_526,1.38751,0,0,2.62957,0,0,0
PACA-CA,0,RAMP_0002_Ln_M_526,0.0633047,0.156976,0.0727203,3.19539,0.629114,0,0.0797668
PACA-CA,0,RAMP_0002_Lv_M,92.6347,153.819,49.4199,1212.51,65.5862,0.611303,137.567
PACA-CA,0,RAMP_0002_Pa_P_526,16.6333,0.603695,0.277276,208.793,0,0,6.87891
PACA-CA,0,RAMP_0004_Ln_M_526,0,0,0.0654639,0,0,0,0.805456
PACA-CA,0,RAMP_0004_Lv_M_526,151.133,297.025,74.6492,1051.1,73.1701,0.0991136,171.851
PACA-CA,0,RAMP_0004_Pa_P_526,0,0,0.127445,0,0.300521,0,0
PACA-CA,0,RAMP_0006_Lv_M_526,0.279869,0,0,0.808832,0.122569,0,0
PACA-CA,0,RAMP_0006_Pa_P,0.0299604,0,0.833421,0,1.37232,0,0
PACA-CA,0,RAMP_0007_Lv_M,41.6786,13.3441,6.29034,290.224,14.0542,0.322684,63.8238
PACA-CA,0,RAMP_0007_Pa_P_526,0,0.0890834,0,0,0,0,0
PACA-CA,0,RAMP_0008_Ln_M_526,0,0.0568025,0.0730312,0.0223289,0,0,0
PACA-CA,0,RAMP_0008_Lv_M_526,0.238432,0.264531,0.928327,0.575153,0.49917,0.011636,0.155084
PACA-CA,0,RAMP_0008_Pa_P_526,3.12077,0,0,0.647795,0,0,0.392472
PACA-CA,0,PCSI_0474_Pa_P_526,30.5817,0.546889,0,17.0769,0.192573,0,0
PACA-CA,0,PCSI_0642_Pa_P_526,26.1047,0.0288874,0.0972336,1.50056,0.545265,0,0.0120269
PACA-CA,0,PCSI_0642_Pa_X_526,0,0.315062,0,0.0997814,0.53338,0,0.0993527
PACA-CA,0,PCSI_0643_Pa_P_526,0.150505,0.179112,0,0.02148,0.291277,0,0
PACA-CA,0,PCSI_0645_Pa_P_526,43.1002,0,0,5.92391,0.0701714,0,0
PACA-CA,0,PCSI_0649_Pa_P_526,1.13303,0,0.117984,27.8407,0.0613578,0.00327055,0.293736
PACA-CA,0,PCSI_0653_Pa_P_526,2.95298,0.147008,0.614229,0.193523,0.345326,0,0
PACA-CA,0,PCSI_0549_Pa_P_526,0.0127671,0.152979,0,0,0,0,23.0683
PACA-CA,0,PCSI_0589_Pa_P_526,12.1551,0.399794,0.103312,1.3053,0,0,0
PACA-CA,0,PCSI_0589_Pa_X_526,0,0.267701,0,0,0,0,0
PACA-CA,0,PCSI_0610_Pa_P_526,33.5453,0.0191333,0,4.61149,0,0,0.126131
PACA-CA,0,PCSI_0616_Pa_P_526,9.39744,0,0,3.41905,0.00465629,0,0
PACA-CA,0,PCSI_0627_Pa_P_526,0.117198,0.0389649,0,0.0277689,0,0,23.0047
PACA-CA,0,PCSI_0628_Pa_P_526,0.117735,0,0.0405382,0.0457215,0.033005,0,0.267852
PACA-CA,0,PCSI_0638_Pa_P_526,1.19234,0,0.165256,0.0359819,0,0,0.265663
PACA-CA,0,PCSI_0629_Pa_P_526,15.2177,0.186417,0,9.47072,0,0,0
PACA-CA,0,PCSI_0639_Pa_P_526,10.1223,0,0.112261,1.28075,0.0244364,0,0.0348549
PACA-CA,0,MPCC_0041_Pa_C,0,0.0862179,0,0,0,0,0.00859846
PACA-CA,0,MPCC_0022_Pa_C,0.088604,0.0465739,0.0218605,0.0118387,0.0145277,0.0062678,0.0423047
PACA-CA,0,PCSI_0208_Pa_P_526,0.478353,0,0.118358,1.46,0,0,0
PACA-CA,0,MPCC_0033_Pa_C,0,0,0,0.019314,0.0596,0.00460511,0
PACA-CA,0,MPCC_0026_Pa_C,0,0.31683,0.00743914,0,0,0.000748382,0.0165271
PACA-CA,0,MPCC_0003_Pa_C,0.0516858,0.365648,0,0,0.00654958,0,0.0960804
PACA-CA,0,MPCC_0001_Pa_C,0,0.99811,0,0,0,0.00233679,0.026214
PACA-CA,0,PCSI_0083_Pa_P_526,22.8839,0,0.163002,27.3402,0,0,0.287171
PACA-CA,0,MPCC_0012_Pa_C,0,0.223412,0,0,0,0,0.0242402
PACA-CA,0,MPCC_0032_Pa_C,0,0.991217,0,0,0.000549031,0,0
PACA-CA,0,PCSI_0046_Pa_P_526,0.971732,1.06643,0.0954446,2.40313,0.07262,0,0.0430811
PACA-CA,0,PCSI_0132_Pa_P_526,0,0,0,0.0122737,0,0,0
PACA-CA,0,MPCC_0038_Pa_C,0.00579403,0.107494,0.00626093,0.0181242,0.181322,0.0123043,0.0914829
PACA-CA,0,PCSI_0047_Pa_P_526,10.5381,0.748932,0.431525,5.34559,0.664812,0,0.0955054
PACA-CA,0,MPCC_0013_Pa_C,0.0194798,3.88331,0,0.00236602,0,0,0.0520912
PACA-CA,0,PCSI_0048_Pa_P_526,121.453,0.0295869,0,97.962,0.484581,0,0.0855861
PACA-CA,0,PCSI_0107_Pa_P_526,0,0,0,0.972506,0,0,0
PACA-CA,0,PCSI_0096_Pa_P_526,4.00091,0,1.96149,15.8975,0,0,0
PACA-CA,0,MPCC_0002_Pa_C,0,0,0,0,0.00772226,0,0.0393369
PACA-CA,0,PCSI_0108_Pa_P_526,7.56083,0,0,4.87498,0.00957152,0,0.20476
PACA-CA,0,MPCC_0021_Pa_C,0,0.904981,0,0,0.0024102,0.00374122,0.0350038
PACA-CA,0,MPCC_0018_Pa_C,0,0.296525,0,0,0,0,0.0652029
PACA-CA,0,MPCC_0030_Pa_C,0,7.26594,0.0186574,0,0.00249452,0,0.394659
PACA-CA,0,PCSI_0080_Pa_P_526,6.99728,0.165536,0.0361267,5.39174,0,0,0.286867
PACA-CA,0,MPCC_0016_Pa_C,0,43.3543,0.023927,0,0.0538998,0,0
PACA-CA,0,MPCC_0042_Pa_C,0,0.187636,0.0162196,0.0206132,0,0.00335582,0.08431
PACA-CA,0,MPCC_0027_Pa_C,0,0.351682,0,0.00342654,0,0,0.108024
PACA-CA,0,MPCC_0029_Pa_C,0,0.296979,0.00993219,0,0.00524,0.000862808,0
PACA-CA,0,PCSI_0169_Pa_P_526,1.13819,0,0,0.0287989,0,0,2.40714
PACA-CA,0,PCSI_0169_Pa_X_526,0,0.0184008,0.124904,0,0.0132492,0,0.306564
PACA-CA,0,PCSI_0343_Pa_P,12.6864,0.298922,0.0428517,7.96498,0,0,0.154295
PACA-CA,0,PCSI_0344_Pa_P_526,0,0.135165,0,0.421949,0.048793,0,0.110032
PACA-CA,0,PCSI_0358_Pa_P_526,2.40083,0.0550758,0,2.7927,0,0,0.0575223
PACA-CA,0,PCSI_0521_Pa_P_526,35.5435,0,0.0122804,2.60854,0,0,0.0354501
PACA-CA,0,PCSI_0529_Pa_P_526,2.77744,1.4561,0,0.862415,0,0,0
PACA-CA,0,PCSI_0339_Pa_P,0.0438658,0,0,0,0.126663,0,0
PACA-CA,0,PCSI_0613_Pa_P_526,4.09849,0.671277,0.206949,0.308194,0,0,0.436134
PACA-CA,0,PCSI_0612_Pa_P_526,2.80733,0,0,2.34914,0.428058,0,0
PACA-CA,0,PCSI_0623_Pa_P_526,3.00865,0,0.0589514,0.0273901,0,0,0
PACA-CA,0,PCSI_0624_Pa_P_526,24.1355,0,0.681888,5.68067,0.0925359,0,0.0689133
PACA-CA,0,PCSI_0624_Pa_X_526,0,0,0.113474,0,0,0,0.0808455
PACA-CA,0,PCSI_0625_Pa_P_526,4.78555,0,0,1.94224,0,0,0.039298
PACA-CA,0,PCSI_0890_Pa_P_526,0.310191,0.103215,0.248014,0.455595,0,0,1.5511
PACA-CA,0,PCSI_0626_Pa_P_526,2.5418,0.15756,0.452113,1.85149,0.152493,0,0
PACA-CA,0,PCSI_0530_Pa_P_526,35.5469,0.693503,0,21.9335,0.0654558,0,0.0233156
PACA-CA,0,PCSI_0588_Pa_P_526,1.6238,0.305913,0,8.06255,4.07315,0,4.39126
PACA-CA,0,PCSI_0591_Pa_P_526,16.0986,0,1.07409,14.4873,0.64233,0,0.0966146
PACA-CA,0,PCSI_0590_Pa_P_526,0,0,0,0,0,0,0
PACA-CA,0,PCSI_0590_Pa_X_526,0.0231404,0.046179,0.376398,0,0.0519672,0,0
PACA-CA,0,PCSI_0592_Pa_P_526,1.79266,0.0331011,0.0192515,1.77615,0,0,0.0139322
PACA-CA,0,PCSI_0592_Pa_X_526,0.197708,0,0.0501296,0.00774565,0.0246749,0,0
PACA-CA,0,PCSI_0593_Pa_P_526,2.54321,0,0.0301001,0.449753,0,0,0.0186396
PACA-CA,0,PCSI_0602_Pa_P_526,0.0193538,0.441523,0,10.4221,0.110428,0,0.394278
PACA-CA,0,PCSI_0602_Pa_X_526,0,0.247048,0.12091,0,0.465917,0,0.0368943
PACA-CA,0,PCSI_0594_Pa_P_526,0.33373,0.298172,0.0811236,0.29005,0,0,0.0146494
PACA-CA,0,PCSI_0609_Pa_P_526,0,0,0.286808,0,0.129347,0,0
PACA-CA,0,PCSI_0608_Pa_P_526,0,12.2382,0,39.115,0,0,0
PACA-CA,0,PCSI_0611_Pa_P_526,14.8527,0,0,5.90662,0,0,0
PACA-CA,0,PCSI_0611_Pa_X_526,0,0.400004,0,0.0581323,0,0,0.0112557
PACA-CA,0,PCSI_0528_Pa_P_526,4.19311,0.170167,0,0.0849539,0.614478,0,0.0282176
PACA-CA,0,PCSI_0531_Pa_P_526,8.09641,0.0312955,0,0.871743,1.47759,0,0
PACA-CA,0,PCSI_0476_Pa_P_526,6.36119,0.133663,0.373051,15.8036,0.15447,0,0.154644
PACA-CA,0,PCSI_0472_Pa_P_526,0.238274,0.105014,0.0887577,0.0756664,0.736074,0,0.0219842
PACA-CA,0,PCSI_0527_Pa_P_526,2.03839,0,0.321611,0.738751,1.36421,0,2.64711
PACA-CA,0,PCSI_0537_Pa_P_526,2.96848,0.145267,0.12364,0.290333,0,0,0.0482139
PACA-CA,0,PCSI_0477_Pa_P_526,6.93195,0.068151,0,2.4646,0,0,33.5343
PACA-CA,0,PCSI_0340_Pa_P_526,0.579606,0.231483,0.33684,1.05701,0.0576334,0,0
PACA-CA,0,PCSI_0449_Pa_P_526,17.2584,0.0438786,0,4.32627,0,0,0
PACA-CA,0,PCSI_0655_Pa_P_526,5.08223,0.308583,0.756813,10.8802,0.579045,0,0.241525
PACA-CA,0,PCSI_0652_Pa_P_526,6.74905,0.243811,0.0751145,3.51211,0.22285,0,0.0927231
PACA-CA,0,PCSI_0677_Pa_P_526,0,0.237096,0.068967,0.00632854,0,0,0
PACA-CA,0,PCSI_0694_Pa_P_526,0.729753,3.46996,0.407339,0.938992,0.0861037,0,0.789927
PACA-CA,0,PCSI_0710_Pa_P_526,0.0268206,0.026753,0.464788,0.0937252,0.0607262,0,0.0218633
PAEN-AU,0,8070182,8.87,0.45,0,145.16,0.03,0,0.01
PAEN-AU,0,8068130,0,4.67,0.32,0.44,0,0,0
PAEN-AU,0,8068205,0.08,0.11,4.35,2.85,0.17,0,0.03
PAEN-AU,0,8067343,0,0,2.27,0.06,0,0,0
PAEN-AU,0,8068586,0,0.14,0.26,43.14,0,0,0
PAEN-AU,0,8067331,0,0.45,0,0,0,0,0
PAEN-AU,0,8049641,0,0.67,0,1.26,0,0,0
PAEN-AU,0,8068612,0,1.37,1.05,16.06,0,0,0
PAEN-AU,0,8069338,0.34,0.07,0.37,2.52,0,0,0
PAEN-AU,0,8068609,5.95,0.03,1.49,1468.63,0.06,0,0
PAEN-AU,0,8069315,1.26,0.19,31.7,1468.27,0,0,0.03
PAEN-AU,0,8069970,0,0.41,12.04,620.18,0,0.03,0
PAEN-AU,0,8050043,0.22,0,0.17,0.37,0.01,0,0
PAEN-AU,0,8050055,25.36,73.93,4.21,175.2,11.12,0.44,10.55
PAEN-AU,0,8057644,0.02,1.14,0.19,0.5,0.02,0,0.01
PAEN-AU,0,8057647,0.02,0,128.01,0.58,0,0,0
PAEN-AU,0,8057638,0.04,0.35,0.05,0.92,0,0,0
PAEN-AU,0,8049689,1.16,0,0.18,1.43,0,0,0.32
PAEN-AU,0,8049796,0.6,0.1,1.36,0.18,0,0,0
PAEN-AU,0,8049868,0.1,0.26,0.15,1.18,0,0.07,0
PAEN-AU,0,8049587,0,0.04,0,57.53,0,0,0
PAEN-AU,0,8049959,1.44,0.11,0.21,0.62,0.01,0,0.11
PAEN-AU,0,8049971,0.01,12.23,0.87,1.21,0,0,0
PAEN-AU,0,8049977,0.11,0.08,1.29,1.21,0,0,0.01
PAEN-AU,0,8050031,0.03,4.05,37.66,68.1,0.01,0,0.09
PAEN-AU,0,8031159,1.29,10.02,4.13,189.08,0.01,0,0
PAEN-AU,0,8049808,0.03,0.92,0.15,282.26,0.01,0,0
PAEN-AU,0,8049820,0.07,1.96,0.2,26.24,0,0,0
PAEN-AU,0,8049934,0,0.11,0.32,2651.23,0,0,0.02
PAEN-AU,0,8049995,0.05,0.39,2.31,116.11,0,0,0.04
PAEN-AU,0,8065670,4.41,0.03,0.02,0,0.07,0,0
PAEN-AU,0,8049916,0.08,0.09,1.87,60.11,0,0,0.02
PAEN-AU,0,8049989,247.37,0.11,0.15,108.03,0,0,0
LICA-FR,1,CHC1600T,304.9104715,666.7793774,32.43335323,536.6664281,18.59813078,18.95373302,56.32653074
LICA-FR,1,CHC1602T,162.6231244,1134.555526,93.06062282,1427.356721,37.52843862,20.69964824,234.0742112
LICA-FR,1,CHC1598T,538.4735182,698.8087226,48.0397027,1207.812321,0.100797215,0.142490322,14.08705203
LICA-FR,1,CHC1568T,493.1676776,1577.472762,245.4264061,1300.094859,286.4814035,31.74387094,225.0004476
LICA-FR,1,CHC1591T,407.7093942,1070.556885,171.4451866,400.0813738,18.56495009,0.256600265,8.757590935
LICA-FR,1,CHC1594T,331.9332814,919.8095004,176.2159639,2564.935361,154.1498209,11.18712016,202.8145316
LICA-FR,1,CHC1539T,2218.096307,1062.990574,110.0677047,5919.015177,480.4911526,54.29160028,853.7682782
LICA-FR,1,CHC1545T,981.2744603,1380.522476,87.74143644,1363.829583,70.25022241,24.03121848,30.93455148
LICA-FR,1,CHC1211T,9.138316052,263.9207236,0.155185671,15.61120876,0.52183877,0.074761099,5.201549094
LICA-FR,1,CHC1530T,77.62252131,987.3371734,64.9983683,269.4125466,17.63782681,4.456519244,66.08815948
LICA-FR,1,CHC1534T,600.8856454,93.86582515,50.25914808,240.670478,15.92224676,2.383791211,803.8719952
LICA-FR,1,CHC1210T,24.68451703,6.780940907,8.602127101,211.0552392,0.791089939,0.060670756,100.5582568
LICA-FR,1,CHC1207T,252.2589914,468.4541722,4.536983911,876.8422724,0.040334694,0.223447876,7.332250888
LICA-FR,1,CHC1180T,0.387339996,0.241598993,0.119205056,1.071345455,0.004960986,0.028713672,40.25031303
LICA-FR,1,CHC1183T,474.7803655,1113.998617,34.85826107,756.8157163,0.130543045,2.935327678,3.355969212
LICA-FR,1,CHC1148T,666.1846897,771.3633218,72.92552102,969.2780891,109.5818713,39.12538402,199.5424308
LICA-FR,1,CHC1137T,557.6427277,1037.624295,22.55908408,1729.419605,0.099375179,2.386147018,31.60167793
LICA-FR,1,CHC1010T,275.6792084,995.2874506,123.3849415,3141.814224,7.813173569,8.165181402,95.11197271
LICA-FR,1,CHC1725T,503.3483363,3468.442095,33.48718144,939.4035506,4.358416285,8.91899876,78.86661449
LICA-FR,1,CHC1731T,611.9580135,793.4610588,4.435423846,1267.761702,9.381680284,26.26905177,40.25501864
LICA-FR,1,CHC1715T,266.9401568,538.0649859,146.2708735,1737.350109,97.62822045,26.0613058,216.4239722
LICA-FR,1,CHC1717T,785.2039993,168.4488982,17.02747765,557.466927,0.053064844,47.09384693,51.75093363
LICA-FR,1,CHC1629T,817.8050393,411.9405766,29.15975588,1026.135882,0.064208931,32.04817539,75.5120117
LICA-FR,1,CHC1704T,96.04743514,1102.167498,97.22167057,1144.447792,190.6830978,10.22459744,263.2736729
LICA-FR,1,CHC1603T,185.2122688,193.1051442,29.67965533,136.3790467,11.22087078,15.20500071,57.31447723
LICA-FR,1,CHC1604T,24.4034071,10.65390377,0.287666025,79.11051383,0.572447961,0.145638204,28.23220804
LICA-FR,1,CHC1616T,1906.812341,515.2058916,263.3974567,503.1557755,220.4336273,9.593639476,205.4688802
LICA-FR,1,CHC1626T,131.46729,1944.555745,87.20328657,901.0893703,79.72368891,8.917280293,302.3235405
LICA-FR,1,BCB307T,276.125998,394.7785507,22.06375691,1023.340437,1.643363273,22.0116369,21.04017913
LICA-FR,1,BCM257T,130.0112356,390.6674785,104.7977797,763.3146251,28.10673802,8.133292839,25.66332308
LICA-FR,1,BCM269T,593.8538321,3247.647964,305.5445602,2642.624518,233.3818606,21.94029572,91.52287052
LICA-FR,1,CHC2558T,278.5413426,55.55375302,34.31953126,865.8834728,4.285455261,7.219502405,26.14358275
LICA-FR,1,CHC3618T,828.4194335,154.5047375,43.87137949,609.4901039,3.236681456,8.216866123,125.5128799
LICA-FR,1,CHC3238T,0.727892111,1168.942533,6.557338634,77.27356135,1.604556885,0.508338178,13.24454322
LICA-FR,1,CHC3624T,592.7060821,539.0923693,97.67158928,296.6219513,12.85222431,5.986693046,68.03171759
LICA-FR,1,CHC3621T,1.332452846,4.883732302,78.77468621,320.5363084,18.41122394,1.420175175,292.2825131
LICA-FR,1,CHC3619T,467.2539601,12.7540257,27.70461338,104.3136459,0.319576937,1.074006582,38.23263007
LICA-FR,1,CHC3620T,402.6688581,2529.828701,84.83445686,1541.50487,129.8482604,30.13727106,76.12224751
LICA-FR,1,CHC3631T,453.4965364,185.6564865,78.11234859,891.2830849,4.420598077,8.292653932,90.55527348
LICA-FR,1,CHC3628T,883.0050512,2424.713797,288.9795391,4114.748047,374.2813781,42.19271354,545.5130574
LICA-FR,1,CHC3626T,926.9704567,619.3697258,130.6870673,1411.392441,0.188086552,37.65088569,28.35127427
LICA-FR,1,CHC3627T,856.355287,1348.660195,139.7904843,1799.359842,25.25466906,21.56873651,285.2446175
LICA-FR,1,CHC3641T,65.95597556,87.46729406,101.7465615,712.4139865,5.87772808,2.038562312,34.8356553
LICA-FR,1,CHC3638T,228.0915342,1.930912513,1.033963607,1238.956458,0.580627852,0.132830573,1.011897632
LICA-FR,1,CHC3633T,20.15262455,1.560103192,0.159118469,277.9888613,0.256518191,0.030739142,312.6873729
LICA-FR,1,CHC2207T,197.2145867,2882.868841,157.7492102,776.8131559,45.94781016,6.015657948,50.11376444
LICA-FR,1,CHC1189T,1979.142076,157.0786559,3.255455492,1331.992726,2.208812544,9.503359792,89.33487798
LICA-FR,1,CHC2210T,504.1369392,308.5592798,69.62593378,1230.165175,402.1549855,0.775166767,201.7311193
LICA-FR,1,CHC2415T,124.6225616,0.492539132,0.215391334,266.3722586,0.438467396,0.260895696,540.4400329
LICA-FR,1,CHC985T,1194.70459,528.6083209,74.6553206,1720.972795,27.30677957,56.26344554,85.75652783
LICA-FR,1,CHC2491T,143.5069755,937.4878155,59.97528059,482.3998315,30.45961382,9.758668505,24.91270052
LICA-FR,1,CHC2686T,990.5512911,9.124490544,8.931987166,728.3894082,0.76298943,0.384677987,191.354069
LICA-FR,1,CHC2560T,688.7267166,893.9395824,114.9556557,1109.681646,83.83281484,6.203628887,203.0227133
LICA-FR,1,CHC2687T,7.296230763,393.684719,55.42424187,443.4321228,0.073854786,3.936977556,13.27795714
LICA-FR,1,CHC2706T,308.1092348,644.9768122,263.3047492,3312.014455,537.9505594,30.92569766,443.2096502
LICA-FR,1,CHC2696T,780.2107622,254.1307738,268.96628,894.5053649,54.1822375,10.52382885,65.70247775
LICA-FR,1,CHC2135T,158.3219487,851.5139296,59.77245837,3254.694054,0.338240813,2.445422897,138.8390108
LICA-FR,1,CHC2695T,857.7607548,1489.324707,123.7995417,1759.548726,57.39765895,19.54639476,191.1836977
LICA-FR,1,CHC3643T,1346.679487,225.434327,25.40388618,377.7405489,17.46560795,3.898254021,447.5796242
LICA-FR,1,CHC3644T,590.496671,228.033326,79.9046956,837.4067489,149.2700242,2.164036516,275.8972605
LICA-FR,1,CHC3716T,82.75640496,6.233908308,3.74123362,276.9553463,0.537317126,0.037023042,16.1133809
LICA-FR,1,CHC3647T,1503.415164,1615.708071,368.0486621,2919.437603,328.8473729,91.18990772,202.9275182
LICA-FR,1,CHC3650T,1379.651722,257.5086968,100.1111671,600.5470041,101.3292633,3.492142727,485.5312124
LICA-FR,1,CHC1208T,2.717666219,364.1130806,24.25446238,229.0332885,0.005821036,3.739761867,5.001819239
LICA-FR,1,CHC1548T,791.5012795,1244.258486,134.7941651,2348.802363,232.3292489,20.19603784,396.9031323
LICA-FR,1,CHC1994T,46.97166261,1032.764747,111.2549129,431.8915283,1.869339742,1.972091378,39.06771188
LICA-FR,1,CHC3798T,100.7140884,30.19502401,34.59867844,524.7934581,11.2209311,0.393915918,57.29039169
LICA-FR,1,CHC2844T,451.2658063,1460.30038,203.4275192,1128.40111,0.28380135,47.06745174,63.11395688
LICA-FR,1,CHC2899T,595.8833885,172.7931141,79.24151643,1861.228657,194.2571929,11.92470596,303.2111541
LICA-FR,1,CHC3029T,180.4038507,575.8249752,64.65570073,1077.839228,33.68175906,4.516135384,175.110471
LICA-FR,1,CHC3788T,326.7472703,179.6566915,13.1069966,728.8343523,11.83863279,2.413193483,176.7865474
LICA-FR,1,CHC3880T,69.76207293,1076.117174,60.05633528,2081.905823,119.34907,11.82733642,62.75607726
LICA-FR,1,CHC3894T,205.8268881,1040.888684,42.92758449,2876.39894,3.707381303,15.61978892,91.78530621
LICA-FR,1,CHC3914T,20.00004816,20.42698156,7.392050401,128.6557449,7.376969408,11.32423026,57.30358333
LICA-FR,1,CHC4041T,565.0744466,12.36450521,10.02761419,275.0941422,2.589753489,2.128038119,356.1716948
LICA-FR,1,CHC3825T,2.700092718,175.8954111,18.34607632,579.7850296,7.988520433,0.314535535,13.58921717
LICA-FR,1,CHC3864T,760.4661399,627.4813974,84.354014,2553.48122,178.0777459,44.82722517,59.28405894
LICA-FR,1,CHC4042T,482.3571572,60.12559155,24.72116802,486.9844046,6.031950714,2.70815209,37.88167945
LICA-FR,1,CHC4043T,321.0203432,468.85589,55.29747812,648.329076,9.000160885,54.42276063,47.6640608
LICA-FR,1,CHC4046T,398.5907894,483.1948765,167.4197482,780.0054216,72.63545955,0.638700585,46.28378486
LICA-FR,1,CHC4049T,728.5877076,1390.110058,161.3400386,2080.868248,239.3117629,57.89183658,85.0782468
LICA-FR,1,CHC4051T,45.32388376,517.8637472,8.950554204,727.4427154,0.019813694,0.461994931,11.68211528
LICA-FR,1,CHC4055T,1277.644099,730.6637862,132.7299041,457.9182692,50.85862613,11.89343881,38.71233306
LICA-FR,1,CHC900T,345.5404288,863.6421639,169.4509157,2149.495305,160.7572014,34.97438443,196.6558966
LICA-FR,1,CHC2132T,143.3347827,56.08868312,51.13869617,88.54145009,0.027519571,0.605834411,7.547459858
LICA-FR,1,CHC2707T,898.9530479,638.6344186,179.5897879,3226.078584,412.8066316,15.85325447,242.9140604
LICA-FR,1,CHC2449T,245.2222696,304.5753166,60.54617627,606.1141007,16.77407183,2.547276266,36.67017816
LICA-FR,1,CHC2448T,435.2984462,716.2496707,251.5409093,868.7930304,87.06349207,19.3221688,35.63822364
LICA-FR,1,CHC2200T,458.7418724,727.8952763,317.397034,904.5149529,73.74039076,12.21358011,148.3503825
LICA-FR,1,CHC2539T,261.4984287,976.0433329,78.60240995,544.717781,15.24852702,7.97019108,84.75401271
LICA-FR,1,CHC2443T,128.2127991,685.0089173,126.8360958,314.8625799,101.0000988,1.838553915,170.5540033
LICA-FR,1,CHC2538T,499.1761971,904.4625128,259.1731676,776.383845,6.152948252,82.23263674,54.08484066
LICA-FR,1,CHC2691T,256.2062544,925.4688978,58.02574147,1280.194999,95.88967949,8.713250544,187.8561678
LICA-FR,1,CHC2697T,371.462209,326.0898108,208.1031045,809.4994931,53.53045883,1.71260192,55.61967058
LICA-FR,1,CHC912T,1201.321235,193.5908334,45.32560709,2249.067366,52.35200744,11.29651368,86.91500493
LICA-FR,1,CHC892T,418.0093097,2341.778481,183.4855673,3357.783961,299.0182882,44.40089522,116.8258311
LICA-FR,1,CHC898T,534.9458781,309.1618608,11.19211441,1112.063476,0.02985004,40.93800754,3.25667594
LICA-FR,1,CHC884T,508.8356132,3.155930559,0.420069648,571.6332364,1.771523811,3.09800439,13.62034994
LICA-FR,1,CHC889T,299.3104135,580.0022086,58.91094533,531.7003157,9.532919059,9.849992854,132.7642935
LICA-FR,1,CHC736T,285.1521968,363.9447495,141.1511666,398.5794557,97.11615095,12.31232677,88.5197412
LICA-FR,1,CHC796T,1317.660383,120.4214111,19.32087139,2104.264878,0.691258278,1.701620391,62.46172534
LICA-FR,1,CHC432T,524.6156196,1106.741485,90.46061689,981.4386614,10.78697803,51.34220313,131.0855467
LICA-FR,1,CHC2206T,729.4256163,369.567017,134.9225115,1067.532973,191.1965529,4.512084989,134.8948516
LICA-FR,1,CHC2208T,60.97463267,11.06939075,25.38105345,787.2671451,1.386048102,0.110820209,27.64159463
LICA-FR,1,CHC2141T,227.3801849,474.5436228,222.6798379,756.3247099,33.48092618,1.98146445,47.12663741
LICA-FR,1,CHC2128T,257.6809741,685.7604634,323.7614571,1500.594171,52.17323789,14.35339092,111.5715235
LICA-FR,1,CHC2103T,600.9427499,1080.567013,88.6475865,1079.551873,32.18936809,11.04859668,31.47809467
LICA-FR,1,CHC2111T,467.3402749,837.6012984,77.10835706,666.2780143,0.346922989,5.32757541,41.42609201
LICA-FR,1,CHC2112T,370.0926426,215.8714948,47.71945247,2289.537951,145.4885822,0.26074192,50.859765
LICA-FR,1,CHC2113T,264.3187777,3101.092277,93.49294842,2607.123334,110.4276062,28.19992781,175.4940624
LICA-FR,1,CHC2115T,735.8784512,286.5640177,189.7514386,1150.279241,56.22785425,0.214984119,200.6663522
LICA-FR,1,CHC2048T,382.115014,2906.115736,46.31125298,848.4148929,123.9981573,10.42938604,83.8484323
LICA-FR,1,CHC1757T,411.4438801,3244.025497,219.2528479,1707.846893,196.4098705,102.7289976,74.40487757
LICA-FR,1,CHC1763T,1216.881359,404.7137677,24.21092357,1340.515623,57.24505888,57.98728283,56.43643993
LICA-FR,1,CHC2043T,410.314663,1217.250439,62.55005545,616.4310867,0.086928995,0.843351708,1.997103154
LICA-FR,1,CHC1753T,390.3044401,1111.124196,204.2531758,3969.614279,349.4460131,43.06345172,414.9230887
LICA-FR,1,CHC1754T,90.34729083,1054.962188,36.72058746,161.2941516,1.343481151,3.781508266,20.56689261
LICA-FR,1,CHC1756T,336.7662213,1299.399742,63.69007648,1218.836828,0.172047431,2.242079607,18.30905964
LICA-FR,1,CHC1745T,1206.548485,1272.487702,140.8026865,3037.631772,311.652333,97.80296303,379.7792035
LICA-FR,1,CHC1746T,468.7009196,893.3130605,356.6654455,541.2308474,44.18272121,6.831375586,59.14999982
LICA-FR,1,CHC1747T,158.5777353,628.3191911,104.9241906,852.6816406,8.018570315,2.205814907,55.56391318
LICA-FR,1,CHC1749T,1180.745274,239.1032812,36.07352734,838.5680204,2.493995883,37.72217424,104.9020346
LICA-FR,1,CHC1739T,150.1399873,1267.861322,230.2528677,2022.884175,21.94557818,4.559395546,57.7356043
LICA-FR,1,CHC1741T,387.3925839,863.1098772,89.21302212,1228.428679,6.05543271,76.31476206,50.91615324
LICA-FR,1,CHC1742T,386.1706165,1641.368896,293.5502957,487.5728212,33.89607666,2.605557328,95.0028681
LICA-FR,1,CHC1744T,16.46787272,902.384947,22.49967161,805.4966493,19.82632981,7.630320026,314.0413573
LICA-FR,1,CHC1732T,202.4058108,2030.393246,81.33746733,1437.004019,31.78935706,5.311034782,127.165782
LICA-FR,1,CHC1736T,58.17339307,358.552368,10.81900723,119.8345258,9.012481031,7.491596538,25.53532869
LICA-FR,1,CHC1737T,305.4377277,57.65857526,1.819757343,598.9007649,0.260028475,0.763258982,100.1577653
LICA-FR,1,CHC218T,543.9281988,950.6609112,170.2740228,1895.437213,142.9712886,11.69116806,128.4318354
LICA-FR,1,CHC197T,360.8846126,44.88468876,0.658079439,1125.485603,1.014974419,10.05520098,121.4632363
LICA-FR,1,CHC129T,587.2042684,715.7914146,297.9080973,1757.843579,107.8010963,0.341393414,33.77201198
LICA-FR,1,CHC121T,40.22032971,1966.5383,0.905092533,1711.960254,0.017725864,0.758473524,117.36854
LICA-FR,1,CHC309T,200.7872952,1918.811507,11.17866996,1378.897849,66.92117082,6.182986822,130.1688291
LICA-FR,1,CHC306T,493.3708792,707.3118739,125.2439783,1831.02037,136.0634115,85.01607218,195.2485948
LICA-FR,1,CHC304T,111.1254709,99.95081084,8.597594069,81.91913001,0.330386157,2.063034473,65.87035472
LICA-FR,1,CHC302T,260.5782889,474.9895037,159.4268407,2750.79708,211.7179251,34.90414046,305.4338719
LICA-FR,1,CHC253T,36.16426466,0.685910474,0.311653074,10.36980122,0.110328309,0.026064031,4.553881908
LICA-FR,1,CHC018T,58.21319496,2850.713657,32.29923003,1070.514164,11.19428244,1.5822236,31.914356
LICA-FR,1,CHC1185T,357.8354395,1237.292155,93.43020838,349.5143699,7.71267431,61.77003633,17.88932198
LICA-FR,1,CHC1061T,25.19376678,2092.825476,214.1586322,518.5812848,0.004650353,57.29980991,375.8727269
LICA-FR,1,CHC1055T,2.946904728,2.537950023,8.894578912,554.7038225,0.647300456,10.11501098,17.63537805
LICA-FR,1,CHC1053T,234.7758219,807.0656901,154.5774133,2626.439382,27.55183084,7.830974894,367.533901
LICA-FR,1,CHC1052T,1119.103795,1511.106758,84.32820907,2841.336119,117.8687377,28.67865386,115.7448088
LICA-FR,1,CHC1040T,1400.194788,1878.647688,94.83904314,1229.783213,116.7265266,3.336482325,346.4951509
LICA-FR,1,CHC1041T,464.0752874,143.1158031,19.18337344,561.0145225,0.088542612,14.22485313,7.692554429
LICA-FR,1,CHC051T,297.5808123,70.18916647,3.905315567,567.3162086,0.008498222,0.165127184,7.283051745
LICA-FR,1,CHC909T,791.0656085,505.4420638,175.4459291,1515.500148,11.26345607,4.248417724,134.2968539
LICA-FR,1,CHC891T,116.0532636,328.4735651,15.56437114,165.5528144,0.128885877,10.34339273,21.5820471
LICA-FR,1,CHC961T,654.8620175,548.2821361,69.96279905,1953.205012,92.57404573,28.10757473,77.95849241
LICA-FR,1,CHC794T,38.56755741,31.58461156,29.7150662,243.6626714,0.111328187,0.074089707,7.350959956
LICA-FR,1,CHC793T,1221.765517,31.03822684,80.22607188,846.5783242,62.38069127,7.891235241,122.9641948
LICA-FR,1,CHC609T,178.0834934,59.17007729,36.91120109,1146.93527,0.116005899,4.037862739,29.60946607
LICA-FR,1,CHC614T,645.2057498,1098.347754,508.2129882,1889.57787,303.5563738,60.2428823,209.9395168
LICA-FR,1,CHC433T,261.8037673,18.9216717,21.85317379,591.4199599,0.118359893,3.598634399,43.58176284
LICA-FR,1,CHC429T,35.17044059,463.1835652,4.979300766,553.2113567,0.111647646,1.09379277,3.711545368
LICA-FR,1,CHC327T,183.9893895,1052.181754,103.0713318,1108.521099,92.1743223,16.71258542,198.3047449
LICA-FR,1,CHC314T,220.3411907,406.424431,353.1123086,826.7895163,0.256612414,6.8864785,27.05842304
LICA-FR,1,CHC313T,861.229229,679.5106047,105.9876627,966.0969894,100.7257123,31.84528392,156.5605557
LICA-FR,1,CHC320T,294.2139796,515.7743728,39.43240773,1586.618663,41.69767257,38.14820592,97.52839437
LICA-FR,1,CHC322T,765.6881704,636.1039357,370.9037395,2018.915643,279.6872282,40.4688704,323.1910897
LIRI-JP,1,RK326_Cancer,793.5691956,17779.96115,27.03321875,390.0640576,2.699526845,1.144206761,226.0928862
LIRI-JP,1,RK337_Cancer,1672.5348,3026.380206,603.6411144,2322.014128,12.54826023,30.70301085,101.7366314
LIRI-JP,1,RK338_Cancer,522.1035777,2429.62884,293.360524,2815.226203,0.11704509,55.36524733,60.15143119
LIRI-JP,1,RK338_Cancer2,522.1035777,2429.62884,293.360524,2815.226203,0.11704509,55.36524733,60.15143119
LIRI-JP,1,RK305_Cancer,204.2960833,8288.7944,95.23773867,4681.866241,27.23653663,25.40781897,353.4438584
LIRI-JP,1,RK289_Cancer,9.857751979,6696.71413,211.4062824,1685.531742,4.656937717,23.53226949,62.27591128
LIRI-JP,1,RK297_Cancer,666.3399494,11532.75691,213.4381828,5029.04864,179.0941763,19.17618026,618.7775876
LIRI-JP,1,RK285_Cancer,279.2176767,2417.41434,546.7099984,4396.676471,37.31374527,29.30806962,322.0315437
LIRI-JP,1,RK284_Cancer,329.0951482,4545.091453,138.2293026,1196.177654,0.247014668,26.76165796,34.33357899
LIRI-JP,1,RK280_Cancer,420.7904205,4195.820637,92.71343168,1220.535135,117.764365,12.16861892,70.45428353
LIRI-JP,1,RK277_Cancer,795.1595911,322.8883395,12.74638861,590.5601804,11.8181764,2.476640467,469.7875268
LIRI-JP,1,RK267_Cancer,367.6795542,6111.953712,138.2162363,1430.539181,19.31140191,31.58379589,89.44193846
LIRI-JP,1,RK268_Cancer,2080.890971,309.3125896,136.5002124,6050.351681,284.7441228,93.06188319,301.0134703
LIRI-JP,1,RK270_Cancer,940.1061388,8284.065652,131.9816205,4267.302614,3.77261011,9.382757295,195.4663437
LIRI-JP,1,RK264_Cancer,619.0461716,4783.65141,166.6928418,2271.750054,0.348346198,25.61032484,33.3538656
LIRI-JP,1,RK265_Cancer,923.2226609,3155.285489,407.1660637,4209.22412,192.5431427,71.65770261,86.83324541
LIRI-JP,1,RK266_Cancer,365.0806525,3197.835428,142.7557986,3659.321234,179.1370354,17.02674408,1374.264396
LIRI-JP,1,RK259_Cancer,114.6330657,987.9234774,26.48586208,1604.988159,0.151786433,20.71023058,48.85501957
LIRI-JP,1,RK260_Cancer,653.2417366,13526.39123,309.062188,3180.435276,47.4861495,23.32604781,200.1017162
LIRI-JP,1,RK261_Cancer,887.0095099,5174.281372,109.0679473,1248.265265,0.047169286,6.510427059,11.87699582
LIRI-JP,1,RK261_Cancer2,887.0095099,5174.281372,109.0679473,1248.265265,0.047169286,6.510427059,11.87699582
LIRI-JP,1,RK261_Cancer3,887.0095099,5174.281372,109.0679473,1248.265265,0.047169286,6.510427059,11.87699582
LIRI-JP,1,RK262_Cancer,0.635070704,5213.052503,17.66463398,578.8433126,0.33220914,3.298599663,60.68952917
LIRI-JP,1,RK263_Cancer,980.2826295,3313.12442,285.2718919,2683.925645,139.9503707,112.913412,93.26959694
LIRI-JP,1,RK254_Cancer,1085.62584,4803.337674,66.09700695,4722.821056,114.6916248,17.33785929,548.5272283
LIRI-JP,1,RK256_Cancer,190.1959015,4671.22036,537.2076158,4747.77789,147.9902162,19.474093,94.11226408
LIRI-JP,1,RK257_Cancer,164.7872751,16221.43632,586.4718829,2365.51984,57.92925678,5.942083682,67.57290846
LIRI-JP,1,RK258_Cancer,285.0848671,2684.517661,769.761921,2355.290406,112.5502931,12.86658462,146.3870758
LIRI-JP,1,RK237_Cancer,850.8123977,1357.425679,327.0342905,4200.637367,157.1891548,8.746880282,477.3496121
LIRI-JP,1,RK241_Cancer,367.5274144,2223.056144,69.23828113,1480.04569,0.955878138,6.543780448,95.66489861
LIRI-JP,1,RK243_Cancer,522.7476712,3789.778222,96.78103215,4045.350101,184.7237998,30.37996786,212.4455791
LIRI-JP,1,RK244_Cancer,119.6985738,928.3071875,326.5762338,7003.118746,0.573492083,100.8538945,55.21908318
LIRI-JP,1,RK245_Cancer,1184.151342,2791.755329,196.3893352,8915.942318,151.055453,31.47555053,878.7220605
LIRI-JP,1,RK235_Cancer,922.4555274,2120.237919,973.1399477,9480.69829,276.0571501,12.63978505,462.433749
LIRI-JP,1,RK236_Cancer,994.2533141,3556.865875,159.6643904,2372.81553,37.95647152,33.61495277,180.3325274
LIRI-JP,1,RK232_Cancer,626.4575179,3713.001216,620.8763644,2138.417493,117.2822229,20.9685261,238.800923
LIRI-JP,1,RK233_Cancer,169.5458256,3808.732742,290.3515272,2323.176191,0.458920836,92.71629188,46.44780503
LIRI-JP,1,RK233_Cancer2,169.5458256,3808.732742,290.3515272,2323.176191,0.458920836,92.71629188,46.44780503
LIRI-JP,1,RK229_Cancer,736.9009487,1922.591606,141.9514867,2667.861594,237.5447252,71.05986748,286.8159333
LIRI-JP,1,RK230_Cancer,1107.948202,7808.14736,155.5649045,2282.05184,16.02052801,30.16744157,248.1366719
LIRI-JP,1,RK227_Cancer,1196.417762,3016.668644,100.5677331,1712.751382,0.070842996,14.90062829,19.081525
LIRI-JP,1,RK228_Cancer,24.01657077,3368.153859,12.80965236,1539.285109,1.549240551,3.410615707,36.55293481
LIRI-JP,1,RK223_Cancer,1397.746744,7049.179159,417.4213135,5000.956727,211.4050269,6.184189513,329.0610452
LIRI-JP,1,RK224_Cancer,337.6272932,621.678103,4.20488481,1963.071829,22.54290332,0.612948549,594.7561514
LIRI-JP,1,RK222_Cancer,1090.45088,3012.209601,493.9206017,3690.809353,189.3916564,35.13157253,248.6105224
LIRI-JP,1,RK269_Cancer,27.69309591,168.0782855,5.724084781,65.08726351,6.493717881,1.301358522,4.784866255
LIRI-JP,1,RK272_Cancer,218.3576622,2.745707019,0.307957683,814.339974,0.248424328,0.033227523,3.000512848
LIRI-JP,1,RK208_Cancer,437.5282252,61.94333117,2.531070231,991.1745515,0.82001111,15.6208165,25.87676595
LIRI-JP,1,RK226_Cancer,149.863189,6.23294726,0.605911058,67.90923066,0.28593661,62.87368791,19.63927434
LIRI-JP,1,RK194_Cancer,31.75173254,16.37382355,0.731179724,66.91931779,0.995628855,65.9283604,2.447852042
LIRI-JP,1,RK182_Cancer,100.9873243,1.024974395,11.79679646,519.5595129,0.181964008,20.98747597,81.67797321
LIRI-JP,1,RK184_Cancer,101.7174823,26.57370994,0.778523133,187.8545366,1.064138806,61.77807654,47.8368429
LIRI-JP,1,RK180_Cancer,654.40915,2442.935828,126.9822375,2368.778639,120.214486,25.49087278,701.3986339
LIRI-JP,1,RK180_Cancer2,654.40915,2442.935828,126.9822375,2368.778639,120.214486,26.13141998,701.3986339
LIRI-JP,1,RK204_Cancer,989.195482,21522.2543,181.3754577,4049.465161,255.0952288,19.54601598,272.1617872
LIRI-JP,1,RK209_Cancer,1424.522806,2805.32145,360.5231504,1114.517732,49.69358632,3.297514938,88.62301864
LIRI-JP,1,RK177_Cancer,109.378555,3597.928711,41.14658551,3704.154241,90.42204728,49.77219169,226.9631523
LIRI-JP,1,RK167_Cancer,541.2192376,8712.641784,116.9628566,1079.917421,84.86006585,9.813979078,372.3005882
LIRI-JP,1,RK170_Cancer,2014.374033,575.3533383,46.5863847,1170.853656,8.38803116,29.90273771,100.4495444
LIRI-JP,1,RK165_Cancer,2257.619628,1197.594025,760.6887006,4180.733983,95.46104896,45.54186513,250.9857948
LIRI-JP,1,RK166_Cancer,1087.657726,337.9267625,48.54514889,2135.460255,56.66219897,64.04512913,255.3298467
LIRI-JP,1,RK157_Cancer,1357.060563,2813.282024,313.9208959,4344.642136,571.7183783,45.23140408,1255.916014
LIRI-JP,1,RK159_Cancer,261.5541653,1615.823583,0.477289433,147.6276679,1.088445215,51.21694581,7.468728027
LIRI-JP,1,RK147_Cancer,568.6898607,810.1870954,635.2404411,1507.684538,23.45303561,59.64268935,55.82399988
LIRI-JP,1,RK148_Cancer,403.610624,4998.002243,442.2005437,3651.837737,4.251503903,5.21900603,192.7925564
LIRI-JP,1,RK146_Cancer,446.6211167,840.2155659,26.27157276,634.0941275,28.21339248,50.35627143,12.9322977
LIRI-JP,1,RK141_Cancer,174.6314583,8945.37048,88.30197257,2192.03022,1.017449974,31.19200608,83.19100082
LIRI-JP,1,RK142_Cancer,413.4028031,381.9107377,15.43994929,704.3926096,25.04813836,34.4055882,114.3283858
LIRI-JP,1,RK137_Cancer,104.7666238,14008.25821,132.0845237,1353.13653,24.65950883,29.07573425,26.71660163
LIRI-JP,1,RK138_Cancer,1.903282994,17.02236681,1.058884558,15.64147591,0.965425247,37.88601761,0.933490185
LIRI-JP,1,RK133_Cancer,775.8874541,8967.922621,146.6332743,5454.313486,243.421544,88.53377444,330.5684046
LIRI-JP,1,RK130_Cancer,643.5187662,4892.821992,55.53915333,2410.498422,125.2849134,120.1311674,252.0947948
LIRI-JP,1,RK115_Cancer,326.1172777,2785.318241,546.42547,3750.444305,207.6977842,63.936464,196.2369883
LIRI-JP,1,RK126_Cancer,372.7909483,1576.906566,327.0406516,7081.853324,128.1241481,78.05308378,81.8151261
LIRI-JP,1,RK109_Cancer,584.6064853,3720.716326,99.45449618,4281.833818,220.0773316,38.38418548,234.3069711
LIRI-JP,1,RK112_Cancer,438.7766406,4713.48116,163.4913675,4704.818357,13.64377469,9.744287319,134.7129637
LIRI-JP,1,RK108_Cancer,735.5405386,5598.427554,216.8436309,5952.860084,224.5759355,1.331229374,426.3542504
LIRI-JP,1,RK106_Cancer,456.5254033,1664.542241,305.9137849,1959.955631,6.028849005,53.61357834,92.52858017
LIRI-JP,1,RK107_Cancer,534.5148343,5013.842936,299.639807,1645.028364,32.84266366,50.17039354,138.0615517
LIRI-JP,1,RK100_Cancer,359.945556,8813.201563,545.6032444,2516.956098,209.5665029,60.35097264,490.2991933
LIRI-JP,1,RK103_Cancer,479.9586866,5492.607434,281.1173135,3373.308946,131.3678832,85.8694705,138.1576465
LIRI-JP,1,RK098_Cancer,0.930966057,3291.453139,67.58750257,158.4852258,3.732894378,77.44028061,224.1817166
LIRI-JP,1,RK099_Cancer,235.6824702,5472.650612,302.9293335,1269.574371,26.99149681,48.41773942,254.6434525
LIRI-JP,1,RK092_Cancer,286.4964566,4039.26884,62.87210144,2933.830883,33.61224177,41.38977473,196.4321767
LIRI-JP,1,RK096_Cancer,1171.821888,5677.487441,234.9372872,4396.930254,355.0290217,83.52876167,240.3011129
LIRI-JP,1,RK091_Cancer,0.599777577,3.051839725,0.256743207,4.288627704,0.449899711,37.73869335,0.176420564
LIRI-JP,1,RK307_Cancer,2.923999622,2.694079595,0.990615792,3.974875338,0.20143183,19.18910886,0.548022208
LIRI-JP,1,RK308_Cancer,1.338187289,20.49785276,0.172326525,8.995232177,0.404716095,34.91375846,0.581189915
LIRI-JP,1,RK086_Cancer,289.2042234,2749.176487,311.5239787,1248.785897,87.25663263,7.444467157,108.4992336
LIRI-JP,1,RK089_Cancer,13.70527865,276.6780822,121.3104279,171.1888857,0.341243907,65.01407082,256.5199175
LIRI-JP,1,RK083_Cancer,587.5636198,2483.752655,182.9941846,6565.562003,30.94217138,51.20853543,190.2853783
LIRI-JP,1,RK084_Cancer,115.3204388,31.63546849,82.01360897,373.3758878,2.671569209,43.5507641,11.40731289
LIRI-JP,1,RK082_Cancer,542.623305,5078.215105,198.8119615,4422.144121,140.1909046,86.35618008,167.9891149
LIRI-JP,1,RK056_Cancer,357.6613324,5098.174589,328.470967,9777.024369,71.08542378,67.85428299,252.0307487
LIRI-JP,1,RK054_Cancer,554.0057699,1955.717378,145.6649761,2757.754105,122.1766423,63.43881355,372.1863744
LIRI-JP,1,RK055_Cancer,1316.506455,13941.37252,33.19649667,9051.558993,90.1036835,58.51125734,707.3601963
LIRI-JP,1,RK051_Cancer,546.1546666,2268.845819,144.1105765,3597.744002,47.28472631,75.52771918,155.386754
LIRI-JP,1,RK052_Cancer,1077.339721,851.6601166,479.8572477,5201.586784,1.084548556,74.20622218,113.1072378
LIRI-JP,1,RK058_Cancer,854.0955355,1730.726022,175.4288537,1597.357061,0.762509687,42.44249849,71.02150409
LIRI-JP,1,RK050_Cancer,694.1055476,189.9461795,120.9446213,1825.914963,18.53651551,59.90005106,864.2323295
LIRI-JP,1,RK048_Cancer,558.985372,1119.937237,73.39099112,793.6387707,0.984191904,60.92133093,342.9345654
LIRI-JP,1,RK049_Cancer,353.3632582,1238.294881,189.4730251,3345.947467,195.636043,15.27140252,379.8969977
LIRI-JP,1,RK047_Cancer,703.6729299,1651.804348,179.1668889,4217.830049,116.5758114,41.83395917,502.2317187
LIRI-JP,1,RK192_Cancer,1666.804723,3712.595117,76.99587781,3964.130771,32.15992305,14.74266285,364.6704666
LIRI-JP,1,RK044_Cancer,242.9309269,3852.791241,382.6716904,1789.385196,51.55395536,26.98797341,143.0731484
LIRI-JP,1,RK037_Cancer,355.3229015,5621.623422,324.7098541,5371.008432,389.9036347,72.89293755,366.6309347
LIRI-JP,1,RK041_Cancer,367.4699868,2547.144457,161.561551,79.52173748,0.822503435,13.87545663,16.00233016
LIRI-JP,1,RK036_Cancer,814.5263025,4455.51595,145.6359674,3773.695116,190.3896991,31.17430993,638.8376055
LIRI-JP,1,RK189_Cancer,189.4499653,1398.181499,299.1540319,1308.802536,0.290037537,4.34617331,97.01311756
LIRI-JP,1,RK034_Cancer,65.55957653,5574.978771,148.7200493,1286.761564,4.763228812,50.34765719,165.1442833
LIRI-JP,1,RK035_Cancer,639.6187594,8260.930369,251.7471579,7369.322889,418.6027231,29.41218016,592.9675021
LIRI-JP,1,RK179_Cancer,255.7501515,485.5031886,133.0399713,1587.002913,55.88485211,32.20944152,503.9262508
LIRI-JP,1,RK240_Cancer,369.7969665,48.19020264,18.7129606,697.3460242,18.92582193,22.22672384,334.8021762
LIRI-JP,1,RK032_Cancer,462.585069,3061.450916,115.0049713,3321.399988,0.18887749,77.98340296,20.06307063
LIRI-JP,1,RK033_Cancer,432.8760659,3780.733968,290.3164797,5017.544199,208.5977798,51.852724,928.5459817
LIRI-JP,1,RK031_Cancer,1804.534643,1213.673179,179.7095762,1035.227411,62.01668557,75.03867792,514.6438601
LIRI-JP,1,RK029_Cancer,1973.776534,4017.914015,174.2337843,3563.984713,49.84075933,84.63107952,52.74380144
LIRI-JP,1,RK026_Cancer,530.3693142,12255.65461,494.324808,1159.508967,26.68442573,26.38600217,22.39178854
LIRI-JP,1,RK027_Cancer,1.62256633,6487.147102,8.113309557,1425.224204,35.44068162,51.07770497,4.080198785
LIRI-JP,1,RK024_Cancer,419.5610014,4062.364103,78.06705442,3810.86263,4.666950332,37.55517531,127.9659768
LIRI-JP,1,RK025_Cancer,253.548009,1202.883902,368.5305736,1828.012458,50.53103793,27.66385832,81.54656006
LIRI-JP,1,RK023_Cancer,867.5884779,1243.782627,127.7616263,1277.100767,94.96728361,59.16282429,391.2655385
LIRI-JP,1,RK021_Cancer,2640.235358,1787.130216,411.3094253,2035.154175,32.98046653,60.85406008,267.4996785
LIRI-JP,1,RK022_Cancer,264.9617459,3849.901803,546.2598767,3339.668185,0.563704515,51.16143975,178.878803
LIRI-JP,1,RK019_Cancer,505.1432018,9411.759138,561.5191339,2019.634704,18.29309715,26.63121062,139.6147061
LIRI-JP,1,RK020_Cancer,1080.404518,1527.178881,117.9629864,4121.031332,251.323381,26.34890737,291.3391695
LIRI-JP,1,RK016_Cancer,441.6943666,23739.39594,302.1759539,1868.947597,8.053473464,58.07847906,128.2331739
LIRI-JP,1,RK018_Cancer,548.1875685,16379.28695,554.8729904,6139.621637,309.5516978,75.22746521,351.0006953
LIRI-JP,1,RK014_Cancer,1167.124856,2765.797138,165.7174553,5791.153816,314.9801758,63.31095515,443.9165289
LIRI-JP,1,RK015_Cancer,572.3262097,13567.36163,332.3122277,2830.104784,6.385635345,42.8355121,82.13220554
LIRI-JP,1,RK012_Cancer,507.0795947,28900.2935,374.6145093,2276.598687,103.4446958,53.66106546,127.911714
LIRI-JP,1,RK080_Cancer,3138.755381,1640.534643,86.9265392,6682.17289,495.9510087,61.58858269,623.9115614
LIRI-JP,1,RK073_Cancer,1225.614437,7211.376674,393.0917542,8655.709339,266.8578466,26.79028893,654.2826515
LIRI-JP,1,RK079_Cancer,1267.387179,2380.992294,199.2763415,2567.027314,9.48153578,121.8299973,237.7972921
LIRI-JP,1,RK068_Cancer,241.1920766,6202.547488,89.9829686,611.2772727,4.989676984,17.57547342,118.2886636
LIRI-JP,1,RK069_Cancer,1.969228904,3701.847216,1.458492027,58.62801057,0.814554544,44.21546483,1.858864321
LIRI-JP,1,RK066_Cancer,872.1847052,9746.581203,118.9760717,1634.174825,8.117525229,0.508316223,173.2679071
LIRI-JP,1,RK067_Cancer,198.9342259,678.8130363,36.21752169,1014.832115,9.735369235,10.43973632,19.84721867
LIRI-JP,1,RK071_Cancer,657.5225694,3834.585055,145.5133654,1973.600552,18.29356094,83.58506171,135.9650945
LIRI-JP,1,RK072_Cancer,1.133485551,3590.77254,181.5329576,935.1940161,0.274855175,46.52934692,3.289651479
LIRI-JP,1,RK063_Cancer,940.2084649,3574.11537,319.1970057,2259.751298,27.14766876,39.98261692,169.1883158
LIRI-JP,1,RK064_Cancer,414.3858701,11452.88299,501.264383,1833.232798,104.7659094,67.38809928,314.7819179
LIRI-JP,1,RK061_Cancer,358.0824214,9291.64168,248.4089907,1977.060714,39.20461073,53.38204492,215.2173611
LIRI-JP,1,RK295_Cancer,986.6162711,1846.224885,320.8747689,982.4222458,0.284177965,66.00453461,76.49895952
LIRI-JP,1,RK062_Cancer,1906.187568,1695.479478,72.79672887,3457.451538,99.60761956,10.45152871,96.79272019
LIRI-JP,1,RK065_Cancer,410.9268375,8620.152219,228.4143875,3148.333303,175.9959165,9.324641986,90.77511352
LIRI-JP,1,RK039_Cancer,1111.757685,4689.564353,468.5686629,2963.074228,140.8340132,46.56628122,110.1320738
LIRI-JP,1,RK312_Cancer,470.0100334,134.9437398,3.764415678,141.7686665,5.38402508,18.29656175,12.95518087
LIRI-JP,1,RK316_Cancer,44.61787113,2.513341001,0.28337712,35.56944091,0.248977602,40.73199945,1.794079597
LIRI-JP,1,RK309_Cancer,97.95885709,188.073799,5.746928599,425.3987397,13.31958522,0.027398939,61.11016062
LIRI-JP,1,RK310_Cancer,335.5370256,4.668970804,0.430255207,11.31396635,0.520249869,19.94058686,2.682030026
LIRI-JP,1,RK255_Cancer,1142.630331,4421.361519,252.9672516,8213.90326,384.4299162,33.82761511,444.1818464
LIRI-JP,1,RK220_Cancer,372.8012417,8261.073793,380.1034644,4331.539982,104.9330169,68.61954841,326.8992765
LIRI-JP,1,RK219_Cancer,850.9405499,8719.652775,252.8014466,7406.087846,338.9422395,22.01732874,286.8943103
LIRI-JP,1,RK217_Cancer,622.3012249,9302.290576,315.7133755,3425.629471,56.83621382,68.7290421,132.1253531
LIRI-JP,1,RK216_Cancer,636.1899664,2052.65372,61.58031128,555.6459006,0.033984527,54.189239,4.27069482
LIRI-JP,1,RK214_Cancer,2.294813233,1846.075143,3.162008722,1163.752425,0.158212437,43.33366929,1.938906167
LIRI-JP,1,RK213_Cancer,532.508553,3.255951558,25.10437914,269.2279409,1.697712822,34.74547827,57.46022192
LIRI-JP,1,RK212_Cancer,481.6057137,1326.156851,64.49395803,3098.693363,0.128169118,64.7060878,38.84976474
LIRI-JP,1,RK207_Cancer,661.8254891,1102.727274,481.3477087,1476.200114,0.705488997,51.30052258,132.5151701
LIRI-JP,1,RK211_Cancer,670.3448396,7722.839296,164.2811015,4488.232971,81.99924035,54.69193231,324.6503841
LIRI-JP,1,RK210_Cancer,314.845566,5675.58154,1094.561976,5473.745837,217.1686833,49.71284701,187.7948011
LIRI-JP,1,RK205_Cancer,2166.418523,1854.199881,144.1782392,5075.155351,68.49721994,58.80537321,400.0340842
LIRI-JP,1,RK201_Cancer,1144.420264,3514.621868,90.51182491,2811.659104,172.3775769,30.95435068,399.6392284
LIRI-JP,1,RK202_Cancer,640.0653662,3806.224082,177.454857,2931.234202,8.056000142,42.13015298,132.9058123
LIRI-JP,1,RK199_Cancer,221.8595783,3525.284731,61.93911188,2558.756595,18.963533,37.25743051,240.5744349
LIRI-JP,1,RK200_Cancer,115.9215827,794.1485192,794.8373586,1183.704185,1.278133318,58.79922761,140.5020834
LIRI-JP,1,RK197_Cancer,49.57446506,6594.026393,153.1191112,3896.266364,6.273740606,8.537171491,120.5536275
LIRI-JP,1,RK198_Cancer,132.9301893,2305.02344,65.30260602,1518.400805,19.06714083,27.34436262,345.4701015
LIRI-JP,1,RK195_Cancer,702.2810885,2528.320674,91.4662152,3026.584276,228.7989931,36.34674762,626.0365292
LIRI-JP,1,RK196_Cancer,708.4254243,9745.343298,201.5292114,2641.125658,145.5826424,43.20202772,420.1322268
LIRI-JP,1,RK193_Cancer,1210.712429,2998.815172,463.2066071,1665.455387,75.94769427,51.62953481,49.77919578
LIRI-JP,1,RK191_Cancer,154.7548945,2359.975244,14.88526204,1642.958915,44.07067481,41.40556442,341.120094
LIRI-JP,1,RK187_Cancer,1534.898419,8659.656836,340.7345258,9418.734116,568.5798315,45.45556474,895.2346335
LIRI-JP,1,RK186_Cancer,145.1415386,10839.5386,293.1064106,3890.167797,0.300381946,38.78734831,92.86994187
LIRI-JP,1,RK188_Cancer,1157.548037,2762.911793,3.479727715,5077.550492,18.06490415,10.89598543,233.2574085
LIRI-JP,1,RK185_Cancer,543.8271467,6188.678868,201.444005,2910.176424,9.131926958,64.11696169,245.4386827
LIRI-JP,1,RK190_Cancer,635.202245,1597.238271,6.377776047,3744.810896,0.244036175,58.31520533,27.79684427
LIRI-JP,1,RK178_Cancer,1762.748531,1055.277202,240.2240865,8032.81841,635.3750526,74.50489041,543.4993163
LIRI-JP,1,RK181_Cancer,1352.066151,1348.176284,372.3826101,3303.220412,1.902459058,71.00975407,110.0865556
LIRI-JP,1,RK175_Cancer,655.9745215,3489.190166,155.0505093,1496.357963,4.694481802,45.63368821,172.546999
LIRI-JP,1,RK171_Cancer,478.3108698,2369.502078,278.3950708,6642.234057,439.0828541,59.98554471,674.7767071
LIRI-JP,1,RK081_Cancer,979.3199104,1480.17704,84.93621274,4891.979491,12.00371603,31.68630189,314.7601875
LIRI-JP,1,RK070_Cancer,1338.818891,16315.67406,373.086443,4805.18321,297.3797379,47.26307241,117.0342589
LIRI-JP,1,RK077_Cancer,210.2766454,2026.689043,27.30536079,3408.415219,0.217727328,18.13779916,11.81992481
LIRI-JP,1,RK059_Cancer,2441.765247,885.3772195,79.20716169,3209.29996,23.80512739,48.38551465,78.49693218
LIRI-JP,1,RK163_Cancer,538.5168463,2599.977224,163.5928594,1370.522305,4.237750448,27.6360982,204.0548453
LIRI-JP,1,RK149_Cancer,995.9039535,3753.953951,267.5574307,3998.120853,65.66298282,36.06262368,386.3048212
LIRI-JP,1,RK162_Cancer,397.8766171,1401.914776,548.1717577,1945.884637,0.679747616,44.49623204,58.03852637
LIRI-JP,1,RK119_Cancer,35.93776449,334.6153501,33.0219316,8969.856007,19.70306111,30.74623353,433.3733917
LIRI-JP,1,RK111_Cancer,568.3120437,2838.642511,80.81563623,529.249666,0.168595722,41.75843406,2.606748796
LIRI-JP,1,RK010_Cancer,872.5500235,6322.901106,828.2684839,3725.442743,185.4409587,88.3187611,132.810708
LIRI-JP,1,RK005_Cancer,928.688219,2606.33033,235.9422082,4927.69388,288.7637952,21.84857973,248.95443
LIRI-JP,1,RK006_Cancer,357.2020293,11558.14936,389.9694067,1769.33456,0.915740678,12.49679927,105.6369962
LIRI-JP,1,RK006_Cancer2,357.2020293,11558.14936,389.9694067,1769.33456,0.915740678,50.29760743,105.6369962
LIRI-JP,1,RK007_Cancer,391.0469427,1517.939222,1.368919152,3575.879899,0.112427809,41.32797983,26.35235215
LIRI-JP,1,RK001_Cancer,690.2328095,3241.026402,251.3631094,7160.250466,296.745428,38.65464875,572.4482894
LIRI-JP,1,RK002_Cancer,2277.574428,77.1915828,64.16081858,3581.706303,112.496089,71.43995587,725.5402121
LIRI-JP,1,RK003_Cancer,36.8506428,1438.257182,115.6289969,3373.495929,1.630919622,65.60386568,118.5954555
LIRI-JP,1,RK004_Cancer,1150.527739,2562.774662,365.810029,5677.917127,189.1321774,16.09118223,250.3330943
LIRI-JP,1,RK172_Cancer,438.4677007,5315.302301,171.5063502,1984.669292,5.055169265,24.14227147,170.9343456
LIRI-JP,1,RK169_Cancer,1515.020362,4429.461024,199.9902673,11528.94098,643.9385608,16.2677298,580.4839026
LIRI-JP,1,RK164_Cancer,363.9315202,6591.477687,211.4260856,7975.7945,336.7113695,73.74065096,151.3091311
LIRI-JP,1,RK134_Cancer,1118.70889,611.8221106,75.39359607,1990.24129,0.196142829,77.86649339,83.01958154
LIRI-JP,1,RK131_Cancer,398.1876566,5512.926328,608.4566273,5311.746925,67.07654377,77.21306178,55.36972848
LIRI-JP,1,RK128_Cancer,242.8397989,8832.521795,204.978064,711.9993252,0.768230336,25.75497903,233.5429811
LIRI-JP,1,RK125_Cancer,271.4177989,3106.598301,148.3116271,1190.043832,5.274665331,44.82680655,19.99697716
LIRI-JP,1,RK124_Cancer,414.0976613,4701.754094,111.7026893,908.800053,72.18376769,34.24336036,142.0232046
LIRI-JP,1,RK120_Cancer,375.9274079,9450.135843,293.415774,1394.175179,47.95011609,72.66262327,48.06579854
LIRI-JP,1,RK118_Cancer,1087.857143,2177.375843,37.71924203,3502.837346,0.685616705,29.00307118,78.50320108
LIRI-JP,1,RK117_Cancer,105.333977,29756.45735,168.9336501,1158.451009,100.6111342,33.49656804,54.42673052
LIRI-JP,1,RK116_Cancer,533.6325591,8657.69031,290.9657145,5148.926544,243.442698,44.89873512,109.6507221
LIRI-JP,1,RK113_Cancer,224.6497764,726.9368837,29.37662716,1306.663087,52.68610416,3.779726325,80.07852663
LIRI-JP,1,RK156_Cancer,1343.478013,132.9485298,1.21456055,2599.459443,0.045676502,1.177312804,244.2744031
LIRI-JP,1,RK155_Cancer,1222.358703,1456.527365,55.63588574,2338.926953,13.92765066,35.46215389,126.1465622
LIRI-JP,1,RK153_Cancer,620.4400731,332.1161972,19.68182543,996.1976489,37.47832084,18.87504209,145.7773118
LIRI-JP,1,RK152_Cancer,225.0900039,6117.617054,161.7121627,1380.508291,63.62667811,9.998946942,141.6922214
LIRI-JP,1,RK151_Cancer,681.9089311,6407.615311,582.7321511,1665.536817,33.85531959,23.91709673,260.9050993
LIRI-JP,1,RK150_Cancer,906.698527,9006.343061,205.782566,7929.043605,141.7603333,8.619088972,685.5609336
LIRI-JP,1,RK145_Cancer,614.5961343,1142.72189,160.4061344,2153.519729,14.89327954,43.01043124,82.60821771
LIRI-JP,1,RK143_Cancer,1054.471374,195.9961329,125.2167922,3259.417637,26.1542928,50.69405257,111.497344
LIRI-JP,1,RK140_Cancer,1156.151932,3436.181128,774.3173565,4591.995899,122.2542158,56.24181251,208.6532205
LIRI-JP,1,RK135_Cancer,230.7251909,8888.045754,253.3298311,3194.501333,44.64537924,29.49019677,152.7554
LIRI-JP,1,RK075_Cancer,605.8953679,16243.49095,255.9187131,4209.007097,57.88018251,60.73887238,163.6591158
LIRI-JP,1,RK074_Cancer,287.045456,78.20931944,9.030202778,2934.646728,0.158907051,44.69906521,2.268281798
LIRI-JP,1,RK060_Cancer,14.06349893,9025.449714,94.46285246,649.6023095,1.352504856,67.87223033,141.7496248
LIRI-JP,1,RK057_Cancer,344.6822629,1077.076861,15.09831799,2281.289875,0.520984912,46.97497953,166.20073
LIRI-JP,1,RK053_Cancer,364.8189061,231.2859418,32.48167289,1121.207204,0.149299307,53.73464667,24.30799176
LIRI-JP,1,RK043_Cancer,650.6410286,4982.662042,222.3017769,2360.573067,47.34951249,83.70466763,133.2645782
LIRI-JP,1,RK040_Cancer,1302.442104,4814.830657,103.5227235,2634.200994,115.3923246,53.55880368,590.7552721
LIRI-JP,1,RK038_Cancer,445.4456709,6922.894327,225.0752545,2144.694066,112.9170755,43.26698626,484.6095809
LIRI-JP,1,RK085_Cancer,49.51061001,146.5637762,1.375450209,1413.740938,1.058542051,48.55546433,296.1896239
LIRI-JP,1,RK076_Cancer,1935.136213,1606.672228,199.8406774,7808.57467,290.1673551,30.69548196,697.3239927
LIRI-JP,1,RK105_Cancer,18.58412767,5348.19497,183.7737001,1567.878651,0.112880535,30.28407911,37.58282916
LIRI-JP,1,RK104_Cancer,970.68162,5743.033541,378.9410819,6647.470406,234.1854567,63.80245915,185.8774872
LIRI-JP,1,RK102_Cancer,253.9981532,3159.877796,39.57731875,633.3961364,21.89633945,49.98279882,65.38313123
LIRI-JP,1,RK101_Cancer,493.191445,1518.321199,239.1253695,3301.682318,88.61684263,77.94378806,306.4872095
LIRI-JP,1,RK095_Cancer,1045.54724,506.4618667,88.99425388,834.1486499,77.21246445,13.06006873,398.661027
LIRI-JP,1,RK093_Cancer,2.208942709,8.717781381,0.654501614,16.25776161,2.133343256,26.21589665,0.500677565
LIRI-JP,1,RK088_Cancer,641.2357302,1699.576304,154.9996563,1128.410085,0.900077599,7.45549042,16.42559458
LIRI-JP,1,RK110_Cancer,357.2055643,419.4573148,0.920155228,3868.533774,1.298440808,77.98468224,17.82302421
LIRI-JP,1,RK030_Cancer,1860.769945,1111.609315,1162.489787,2666.969706,0.341219281,47.85612484,225.3414549
LIRI-JP,1,RK028_Cancer,1478.267459,3734.924247,240.2064823,1166.760519,57.65930345,43.76836714,360.2206099